"fish_indiv","size","color","sex","gen_id","sample_id","site","date","anem_obs_time","anem_obs","gps","dive_type","year","input","par_fish_indiv","offs_site","par_site","year_match","matched_offs"
"762",5.1,"Y","J",762,"APCL12_256","Wangag",2012-05-14,"09:45:00",NA,1,"E",2012,"offspring",236,"Wangag","Palanas",2012,"Y"
"2318",4.1,"Y","J",2318,"APCL12_275","Wangag",2012-05-14,"11:35:00",NA,1,"E",2012,"offspring",NA,NA,NA,NA,"N"
"409",4.5,"Y","J",409,"APCL12_276","Wangag",2012-05-14,"11:44:00",NA,1,"E",2012,"offspring",NA,NA,NA,NA,"N"
"2317",5.1,"W","J",2317,"APCL12_168","S.Magbangon",2012-05-10,"14:08:00",NA,1,"E",2012,"offspring",NA,NA,NA,NA,"N"
"2072",4.1,NA,NA,2072,"APCL12_090","Palanas",2012-05-09,"13:01:00",NA,1,"E",2012,"offspring",NA,NA,NA,NA,"N"
"92",5.4,NA,NA,92,"APCL12_094","Palanas",2012-05-09,"12:46:00",NA,1,"E",2012,"offspring",NA,NA,NA,NA,"N"
"267",5.5,"Y","J",267,"APCL12_102","Wangag",2012-05-09,"14:27:00",NA,1,"E",2012,"offspring",NA,NA,NA,NA,"N"
"148",4.8,"W","J",148,"APCL12_115","Wangag",2012-05-09,"15:14:00",NA,1,"E",2012,"offspring",NA,NA,NA,NA,"N"
"199",5.3,NA,NA,199,"APCL12_119","Wangag",2012-05-09,"15:42:00",NA,1,"E",2012,"offspring",NA,NA,NA,NA,"N"
"121",5.3,"W","J",121,"APCL12_122","Wangag",2012-05-09,"15:25:00",NA,1,"E",2012,"offspring",NA,NA,NA,NA,"N"
"758",5.6,"Y","J",758,"APCL12_167","S.Magbangon",2012-05-10,"14:06:00",NA,1,"E",2012,"offspring",NA,NA,NA,NA,"N"
"193",4.5,NA,NA,193,"APCL12_103","Wangag",2012-05-09,"14:33:00",NA,1,"E",2012,"offspring",NA,NA,NA,NA,"N"
"115",4.6,"W","J",115,"APCL12_152","S.Magbangon",2012-05-10,"11:37:00",NA,1,"E",2012,"offspring",NA,NA,NA,NA,"N"
"249",4.5,"Y","J",249,"APCL12_166","S.Magbangon",2012-05-10,"14:02:00",NA,1,"E",2012,"offspring",NA,NA,NA,NA,"N"
"227",5.6,"W","J",227,"APCL12_199","Poroc Rose",2012-05-11,"10:41:00",NA,1,"E",2012,"offspring",NA,NA,NA,NA,"N"
"116",4.2,"W","J",116,"APCL12_206","Poroc San Flower",2012-05-11,"12:07:00",NA,1,"E",2012,"offspring",NA,NA,NA,NA,"N"
"259",3.8,"Y","J",259,"APCL12_207","Poroc San Flower",2012-05-11,"12:16:00",NA,1,"E",2012,"offspring",NA,NA,NA,NA,"N"
"237",5.8,"Y","J",237,"APCL12_212","Poroc San Flower",2012-05-11,"12:29:00",NA,1,"E",2012,"offspring",862,"Poroc San Flower","Wangag",2012,"Y"
"891",4.4,"Y","J",891,"APCL12_217","Poroc San Flower",2012-05-11,"12:53:00",NA,1,"E",2012,"offspring",NA,NA,NA,NA,"N"
"871",3.8,"Y","J",871,"APCL12_266","Wangag",2012-05-14,"10:25:00",NA,1,"E",2012,"offspring",NA,NA,NA,NA,"N"
"860",5.1,"W","J",860,"APCL12_282","Wangag",2012-05-14,"11:59:00",NA,1,"E",2012,"offspring",NA,NA,NA,NA,"N"
"2281",5,"Y","J",2281,"APCL12_286","Wangag",2012-05-14,"12:48:00",NA,1,"E",2012,"offspring",NA,NA,NA,NA,"N"
"165",4.1,"Y","J",165,"APCL12_124","Wangag",2012-05-09,"15:30:00",NA,1,"E",2012,"offspring",NA,NA,NA,NA,"N"
"225",4.8,NA,NA,225,"APCL12_055","Palanas",2012-05-09,"09:36:00",NA,1,"E",2012,"offspring",NA,NA,NA,NA,"N"
"2342",3.8,NA,NA,2342,"APCL12_112","Wangag",2012-05-09,"14:52:00",NA,1,"E",2012,"offspring",NA,NA,NA,NA,"N"
"140",4.9,NA,NA,140,"APCL12_126","Cabatoan",2012-05-10,"09:07:00",NA,1,"E",2012,"offspring",NA,NA,NA,NA,"N"
"229",5.5,"Y","J",229,"APCL12_193","Poroc Rose",2012-05-11,"10:09:00",NA,1,"E",2012,"offspring",NA,NA,NA,NA,"N"
"143",5.8,"Y","J",143,"APCL12_200","Poroc Rose",2012-05-11,"10:47:00",NA,1,"E",2012,"offspring",NA,NA,NA,NA,"N"
"888",4,"W","J",888,"APCL12_214","Poroc San Flower",2012-05-11,"12:43:00",NA,1,"E",2012,"offspring",NA,NA,NA,NA,"N"
"216",5.7,NA,NA,216,"APCL12_039","Palanas",2012-05-08,"11:38:00",NA,1,"D",2012,"offspring",NA,NA,NA,NA,"N"
"176",4.8,NA,NA,176,"APCL12_061","Palanas",2012-05-09,"09:14:00",NA,1,"E",2012,"offspring",NA,NA,NA,NA,"N"
"219",3.7,NA,NA,219,"APCL12_072","Palanas",2012-05-09,"11:41:00",NA,1,"E",2012,"offspring",NA,NA,NA,NA,"N"
"144",4.6,"Y","J",144,"APCL12_143","Cabatoan",2012-05-10,"10:26:00",NA,1,"E",2012,"offspring",NA,NA,NA,NA,"N"
"261",5.9,"W","J",261,"APCL12_169","S.Magbangon",2012-05-10,"14:12:00",NA,1,"E",2012,"offspring",NA,NA,NA,NA,"N"
"244",5.6,"W","J",244,"APCL12_196","Poroc Rose",2012-05-11,"10:28:00",NA,1,"E",2012,"offspring",NA,NA,NA,NA,"N"
"139",5,"Y","J",139,"APCL12_204","Poroc San Flower",2012-05-11,"12:03:00",NA,1,"E",2012,"offspring",NA,NA,NA,NA,"N"
"2716",4.4,"Y","J",2716,"APCL12_213","Poroc San Flower",2012-05-11,"12:39:00",NA,1,"E",2012,"offspring",NA,NA,NA,NA,"N"
"145",5.7,NA,NA,145,"APCL12_056","Palanas",2012-05-09,"09:18:00",NA,1,"E",2012,"offspring",NA,NA,NA,NA,"N"
"207",3.8,NA,NA,207,"APCL12_067","Palanas",2012-05-09,"10:28:00",NA,1,"E",2012,"offspring",NA,NA,NA,NA,"N"
"101",3,NA,NA,101,"APCL12_068","Palanas",2012-05-09,"10:13:00",NA,1,"E",2012,"offspring",NA,NA,NA,NA,"N"
"217",5.7,"Y","J",217,"APCL12_158","S.Magbangon",2012-05-10,"11:58:00",NA,1,"E",2012,"offspring",NA,NA,NA,NA,"N"
"127",4.2,"W","J",127,"APCL12_162","S.Magbangon",2012-05-10,"11:58:00",NA,1,"E",2012,"offspring",NA,NA,NA,NA,"N"
"102",4,"W","J",102,"APCL12_173","S.Magbangon",2012-05-10,"14:25:00",NA,1,"E",2012,"offspring",NA,NA,NA,NA,"N"
"879",3.2,"W","J",879,"APCL12_219","Sitio Lonas",2012-05-11,"15:03:00",NA,1,"E",2012,"offspring",NA,NA,NA,NA,"N"
"878",4.6,"Y","J",878,"APCL12_250","Wangag",2012-05-14,"09:24:00",NA,1,"E",2012,"offspring",NA,NA,NA,NA,"N"
"876",4.2,"Y","J",876,"APCL12_258","Wangag",2012-05-14,"09:45:00",NA,1,"E",2012,"offspring",NA,NA,NA,NA,"N"
"169",5.2,NA,NA,169,"APCL12_023","Visca",2012-05-06,"15:22:00",NA,1,"E",2012,"offspring",NA,NA,NA,NA,"N"
"100",4.1,NA,NA,100,"APCL12_031","Palanas",2012-05-08,"09:29:00",NA,1,"D",2012,"offspring",NA,NA,NA,NA,"N"
"243",3.1,NA,NA,243,"APCL12_057","Palanas",2012-05-09,"09:34:00",NA,1,"E",2012,"offspring",NA,NA,NA,NA,"N"
"2538",3.4,NA,NA,2538,"APCL12_063","Palanas",2012-05-09,"09:25:00",NA,1,"E",2012,"offspring",NA,NA,NA,NA,"N"
"192",2.9,NA,NA,192,"APCL12_076","Palanas",2012-05-09,"10:02:00",NA,1,"E",2012,"offspring",NA,NA,NA,NA,"N"
"204",4.6,NA,NA,204,"APCL12_136","Cabatoan",2012-05-10,"10:04:00",NA,1,"E",2012,"offspring",NA,NA,NA,NA,"N"
"9",4.4,"Y","J",9,"APCL12_189","Poroc Rose",2012-05-11,"09:52:00",NA,1,"E",2012,"offspring",NA,NA,NA,NA,"N"
"167",4.3,"Y","J",167,"APCL12_195","Poroc Rose",2012-05-11,"10:17:00",NA,1,"E",2012,"offspring",NA,NA,NA,NA,"N"
"715",3.8,"Y","J",715,"APCL12_149","S.Magbangon",2012-05-10,"11:23:00",NA,1,"E",2012,"offspring",NA,NA,NA,NA,"N"
"399",3.5,NA,NA,399,"APCL12_178","N.Magbangon",2012-05-10,"15:04:00",NA,1,"E",2012,"offspring",NA,NA,NA,NA,"N"
"571",3.1,"Y","J",571,"APCL12_181","Poroc Rose",2012-05-11,"09:14:00",NA,1,"E",2012,"offspring",NA,NA,NA,NA,"N"
"291",5.3,"W","J",291,"APCL12_187","Poroc Rose",2012-05-11,"09:29:00",NA,1,"E",2012,"offspring",NA,NA,NA,NA,"N"
"296",4.1,"W","J",296,"APCL12_188","Poroc Rose",2012-05-11,"09:47:00",NA,1,"E",2012,"offspring",NA,NA,NA,NA,"N"
"154",5.2,"Y","J",154,"APCL12_203","Poroc San Flower",2012-05-11,"11:54:00",NA,1,"E",2012,"offspring",NA,NA,NA,NA,"N"
"1009",5.4,NA,NA,1009,"APCL12_128","Cabatoan",2012-05-10,"09:27:00",NA,1,"E",2012,"offspring",NA,NA,NA,NA,"N"
"224",5.7,"W","J",224,"APCL12_205","Poroc San Flower",2012-05-11,"12:07:00",NA,1,"E",2012,"offspring",196,"Poroc San Flower","S.Magbangon",2012,"Y"
"678",4.3,NA,NA,678,"APCL12_123","Wangag",2012-05-09,"15:33:00",NA,1,"E",2012,"offspring",NA,NA,NA,NA,"N"
"339",3,"YR","J",339,"APCL13_221","Palanas",2013-05-27,"12:10:45",120,1,"C",2013,"offspring",NA,NA,NA,NA,"N"
"185",2.5,"Y","J",185,"APCL13_223","Palanas",2013-05-27,"12:16:15",121,1,"C",2013,"offspring",NA,NA,NA,NA,"N"
"320",4.6,"W","J",320,"APCL13_224","Palanas",2013-05-27,"12:22:00",122,1,"C",2013,"offspring",754,"Palanas","Sitio Baybayon",2013,"Y"
"104",4,"YR","J",104,"APCL13_227","Palanas",2013-05-27,"12:31:30",124,1,"C",2013,"offspring",235,"Palanas","Palanas",2013,"Y"
"621",3.4,"YR","J",621,"APCL13_229","Palanas",2013-05-27,"12:36:15",125,1,"C",2013,"offspring",NA,NA,NA,NA,"N"
"763",3.4,"YR","J",763,"APCL13_230","Palanas",2013-05-27,"12:36:15",126,1,"C",2013,"offspring",NA,NA,NA,NA,"N"
"514",5.4,"W","J",514,"APCL13_234","Palanas",2013-05-27,"14:19:45",129,1,"C",2013,"offspring",NA,NA,NA,NA,"N"
"473",4.7,"YR","J",473,"APCL13_237","Palanas",2013-05-27,"14:24:15",130,1,"C",2013,"offspring",NA,NA,NA,NA,"N"
"651",3.4,"YR","J",651,"APCL13_238","Palanas",2013-05-27,"14:24:15",130,1,"C",2013,"offspring",NA,NA,NA,NA,"N"
"316",4.2,"YR","J",316,"APCL13_240","Palanas",2013-05-27,"14:35:00",132,1,"C",2013,"offspring",NA,NA,NA,NA,"N"
"312",3.8,"YR","J",312,"APCL13_245","Palanas",2013-05-27,"14:45:00",135,1,"C",2013,"offspring",146,"Palanas","Visca",2013,"Y"
"714",2.6,"YR","J",714,"APCL13_247","Palanas",2013-05-27,"14:45:00",135,1,"C",2013,"offspring",NA,NA,NA,NA,"N"
"635",2.6,"YR","J",635,"APCL13_249","Palanas",2013-05-27,"15:06:45",137,1,"C",2013,"offspring",NA,NA,NA,NA,"N"
"390",4.2,"YR","J",390,"APCL13_250","Palanas",2013-05-27,"15:06:45",137,1,"C",2013,"offspring",NA,NA,NA,NA,"N"
"568",2.8,"BW","J",568,"APCL13_253","Wangag",2013-05-28,"09:01:30",139,1,"C",2013,"offspring",NA,NA,NA,NA,"N"
"973",4.7,"YP","J",973,"APCL13_258","Wangag",2013-05-28,"09:30:50",142,1,"C",2013,"offspring",NA,NA,NA,NA,"N"
"310",4.9,"YR","J",310,"APCL13_260","Wangag",2013-05-28,"09:35:30",143,1,"C",2013,"offspring",NA,NA,NA,NA,"N"
"344",2.9,"YR","J",344,"APCL13_263","Wangag",2013-05-28,"09:50:45",146,1,"C",2013,"offspring",NA,NA,NA,NA,"N"
"722",4.2,"YR","J",722,"APCL13_265","Wangag",2013-05-28,"09:56:00",147,1,"C",2013,"offspring",NA,NA,NA,NA,"N"
"648",4.6,"YR","J",648,"APCL13_268","Wangag",2013-05-28,"09:45:45",145,1,"C",2013,"offspring",NA,NA,NA,NA,"N"
"798",5,"YR","J",798,"APCL13_274","Wangag",2013-05-28,"11:09:55",154,1,"C",2013,"offspring",NA,NA,NA,NA,"N"
"967",4.5,"YP","J",967,"APCL13_285","Wangag",2013-05-28,"11:55:30",162,1,"C",2013,"offspring",NA,NA,NA,NA,"N"
"489",4.2,"YR","J",489,"APCL13_286","Wangag",2013-05-28,"12:02:23",163,1,"C",2013,"offspring",1794,"Wangag","Palanas",2013,"Y"
"549",5.4,"W","J",549,"APCL13_287","Wangag",2013-05-28,"12:07:48",154,1,"C",2013,"offspring",394,"Wangag","Palanas",2013,"Y"
"497",5.5,"YR","J",497,"APCL13_289","Wangag",2013-05-28,"12:15:15",165,1,"C",2013,"offspring",NA,NA,NA,NA,"N"
"269",3.9,"YR","J",269,"APCL13_291","Wangag",2013-05-28,"12:19:45",166,1,"C",2013,"offspring",NA,NA,NA,NA,"N"
"377",3,"YR","J",377,"APCL13_292","Wangag",2013-05-28,"12:19:45",166,1,"C",2013,"offspring",NA,NA,NA,NA,"N"
"623",5.4,"YR","J",623,"APCL13_294","Wangag",2013-05-28,"12:32:36",168,1,"C",2013,"offspring",NA,NA,NA,NA,"N"
"548",4.2,"YR","J",548,"APCL13_298","Wangag",2013-05-28,"13:54:00",171,1,"C",2013,"offspring",NA,NA,NA,NA,"N"
"592",3.4,"YR","J",592,"APCL13_300","Wangag",2013-05-28,"13:54:00",171,1,"C",2013,"offspring",NA,NA,NA,NA,"N"
"492",2.5,"W","J",492,"APCL13_325","Cabatoan",2013-05-29,"09:09:10",190,1,"C",2013,"offspring",NA,NA,NA,NA,"N"
"447",5.3,"W","J",447,"APCL13_341","S.Magbangon",2013-05-29,"11:09:00",199,1,"C",2013,"offspring",236,"S.Magbangon","Palanas",2013,"Y"
"278",2.5,"YR","J",278,"APCL13_342","S.Magbangon",2013-05-29,"11:09:00",199,1,"C",2013,"offspring",NA,NA,NA,NA,"N"
"459",5.8,"W","J",459,"APCL13_346","S.Magbangon",2013-05-29,"11:30:00",203,1,"C",2013,"offspring",NA,NA,NA,NA,"N"
"634",4.4,"YR","J",634,"APCL13_358","S.Magbangon",2013-05-29,"12:27:00",209,1,"C",2013,"offspring",NA,NA,NA,NA,"N"
"557",5.8,"W","J",557,"APCL13_359","S.Magbangon",2013-05-29,"12:27:00",209,1,"C",2013,"offspring",NA,NA,NA,NA,"N"
"676",5.7,"YR","J",676,"APCL13_372","S.Magbangon",2013-05-29,"15:06:00",215,1,"C",2013,"offspring",NA,NA,NA,NA,"N"
"630",5.2,"YR","J",630,"APCL13_374","S.Magbangon",2013-05-29,"15:06:00",215,1,"C",2013,"offspring",NA,NA,NA,NA,"N"
"519",4,"W","J",519,"APCL13_380","S.Magbangon",2013-05-29,"15:54:25",219,1,"C",2013,"offspring",NA,NA,NA,NA,"N"
"520",2.8,"YR","J",520,"APCL13_382","S.Magbangon",2013-05-29,"15:59:45",220,1,"C",2013,"offspring",NA,NA,NA,NA,"N"
"646",3.3,"W","J",646,"APCL13_388","Wangag",2013-05-30,"08:47:15",223,1,"C",2013,"offspring",133,"Wangag","Wangag",2013,"Y"
"690",2.4,"YR","J",690,"APCL13_390","Wangag",2013-05-30,"08:52:30",224,1,"C",2013,"offspring",NA,NA,NA,NA,"N"
"787",4,"YR","J",787,"APCL13_401","Wangag",2013-05-30,"09:32:30",232,1,"C",2013,"offspring",NA,NA,NA,NA,"N"
"589",4.7,"W","J",589,"APCL13_406","Wangag",2013-05-30,"09:51:00",235,1,"C",2013,"offspring",NA,NA,NA,NA,"N"
"809",4.6,"YR","J",809,"APCL13_037","Poroc San Flower",2013-05-23,"11:45:30",21,1,"C",2013,"offspring",NA,NA,NA,NA,"N"
"807",3.8,"YR","J",807,"APCL13_041","Poroc Rose",2013-05-23,"13:18:00",24,1,"C",2013,"offspring",NA,NA,NA,NA,"N"
"178",5,"Y","J",178,"APCL13_154","Haina",2013-05-26,"12:38:45",86,1,"C",2013,"offspring",NA,NA,NA,NA,"N"
"693",3,"YR","J",693,"APCL13_495","Palanas",2013-05-31,"13:47:30",279,1,"C",2013,"offspring",NA,NA,NA,NA,"N"
"894",4.1,"Y","J",894,"APCL13_019","Visca",2013-05-22,"15:54:00",10,1,"C",2013,"offspring",NA,NA,NA,NA,"N"
"892",5.1,"Y","J",892,"APCL13_025","Visca",2013-05-22,"16:58:00",13,1,"C",2013,"offspring",NA,NA,NA,NA,"N"
"1760",5.3,"YP","J",1760,"APCL13_552","Hicgop South",2013-06-02,"16:12:30",305,1,"C",2013,"offspring",NA,NA,NA,NA,"N"
"732",5.7,"YR","J",732,"APCL13_316","Wangag",2013-05-28,"14:53:15",183,1,"C",2013,"offspring",1789,"Wangag","Haina",2013,"Y"
"584",4.3,"YR","J",584,"APCL13_332","Cabatoan",2013-05-29,"09:42:00",194,1,"C",2013,"offspring",NA,NA,NA,NA,"N"
"482",5.2,"W","J",482,"APCL13_657","N.Magbangon",2013-06-04,"16:31:30",366,1,"C",2013,"offspring",NA,NA,NA,NA,"N"
"2208",4.5,"W","J",2208,"APCL13_425","Wangag",2013-05-30,"11:43:20",249,1,"C",2013,"offspring",NA,NA,NA,NA,"N"
"2332",2.7,"YR","J",2332,"APCL13_485","Palanas",2013-05-31,"13:22:00",276,1,"C",2013,"offspring",NA,NA,NA,NA,"N"
"770",4.2,"YR","J",770,"APCL13_489","Palanas",2013-05-31,"13:34:36",277,1,"C",2013,"offspring",124,"Palanas","Wangag",2013,"Y"
"601",2.3,"YR","J",601,"APCL13_490","Palanas",2013-05-31,"13:34:36",277,1,"C",2013,"offspring",133,"Palanas","Wangag",2013,"Y"
"708",3.4,"YR","J",708,"APCL13_600","Sitio Baybayon",2013-06-03,"14:59:30",325,1,"C",2013,"offspring",NA,NA,NA,NA,"N"
"2361",5.3,"YR","J",2361,"APCL13_601","Sitio Baybayon",2013-06-03,"15:28:00",326,1,"C",2013,"offspring",NA,NA,NA,NA,"N"
"1759",5.6,"YP","J",1759,"APCL13_605","Sitio Baybayon",2013-06-03,"15:36:00",329,1,"C",2013,"offspring",NA,NA,NA,NA,"N"
"2400",4.9,"YP","J",2400,"APCL13_313","Wangag",2013-05-28,"14:45:50",181,1,"C",2013,"offspring",472,"Wangag","Wangag",2013,"Y"
"354",4.7,"W","J",354,"APCL13_628","Wangag",2013-06-04,"12:50:00",349,1,"C",2013,"offspring",NA,NA,NA,NA,"N"
"439",2.5,"YR","J",439,"APCL13_633","Palanas",2013-06-04,"13:39:00",351,1,"C",2013,"offspring",1794,"Palanas","Palanas",2013,"Y"
"384",4,"W","J",384,"APCL13_642","Palanas",2013-06-04,"14:14:30",358,1,"C",2013,"offspring",NA,NA,NA,NA,"N"
"580",4,"YR","J",580,"APCL13_646","Palanas",2013-06-04,"14:33:00",360,1,"C",2013,"offspring",NA,NA,NA,NA,"N"
"2303",3.6,"YR","J",2303,"APCL13_653","N.Magbangon",2013-06-04,"16:27:30",365,1,"C",2013,"offspring",NA,NA,NA,NA,"N"
"480",4.1,"W","J",480,"APCL13_655","N.Magbangon",2013-06-04,"16:27:30",365,1,"C",2013,"offspring",600,"N.Magbangon","Palanas",2013,"Y"
"507",5.4,"W","J",507,"APCL13_656","N.Magbangon",2013-06-04,"16:31:30",366,1,"C",2013,"offspring",NA,NA,NA,NA,"N"
"721",5.1,"YR","J",721,"APCL13_447","Palanas",2013-05-31,"09:19:30",256,1,"C",2013,"offspring",NA,NA,NA,NA,"N"
"780",4,"W","J",780,"APCL13_464","Palanas",2013-05-31,"10:55:10",264,1,"C",2013,"offspring",2103,"Palanas","Visca",2013,"Y"
"283",5,"YR","J",283,"APCL13_476","Palanas",2013-05-31,"11:45:00",272,1,"C",2013,"offspring",NA,NA,NA,NA,"N"
"668",3.7,"YR","J",668,"APCL13_479","Palanas",2013-05-31,"12:59:30",274,1,"C",2013,"offspring",NA,NA,NA,NA,"N"
"784",4.2,"W","J",784,"APCL13_480","Palanas",2013-05-31,"12:59:30",274,1,"C",2013,"offspring",NA,NA,NA,NA,"N"
"622",5.9,"YR","J",622,"APCL13_518","Caridad Proper",2013-06-02,"08:56:00",289,1,"C",2013,"offspring",NA,NA,NA,NA,"N"
"641",3.3,"YR","J",641,"APCL13_522","Caridad Proper",2013-06-02,"09:43:00",291,1,"C",2013,"offspring",NA,NA,NA,NA,"N"
"650",2.5,"YR","J",650,"APCL13_527","Caridad Cemetery",2013-06-02,"11:25:00",293,1,"C",2013,"offspring",NA,NA,NA,NA,"N"
"440",3.4,"WP","J",440,"APCL13_533","Hicgop South",2013-06-02,"14:50:45",297,1,"C",2013,"offspring",NA,NA,NA,NA,"N"
"346",4.2,"YR","J",346,"APCL13_550","Hicgop South",2013-06-02,"16:01:27",304,1,"C",2013,"offspring",NA,NA,NA,NA,"N"
"799",5.5,"YR","J",799,"APCL13_556","Sitio Baybayon",2013-06-03,"12:33:02",307,1,"C",2013,"offspring",NA,NA,NA,NA,"N"
"407",3.8,"YR","J",407,"APCL13_563","Sitio Baybayon",2013-06-03,"12:46:00",310,1,"C",2013,"offspring",NA,NA,NA,NA,"N"
"727",3,"YR","J",727,"APCL13_572","Sitio Baybayon",2013-06-03,"13:16:00",315,1,"C",2013,"offspring",NA,NA,NA,NA,"N"
"572",3.3,"YR","J",572,"APCL13_574","Sitio Baybayon",2013-06-03,"13:20:30",316,1,"C",2013,"offspring",NA,NA,NA,NA,"N"
"449",3.3,"YR","J",449,"APCL13_581","Sitio Baybayon",2013-06-03,"13:59:00",318,1,"C",2013,"offspring",NA,NA,NA,NA,"N"
"709",5.4,"WP","J",709,"APCL13_612","Wangag",2013-06-04,"11:29:00",336,1,"C",2013,"offspring",NA,NA,NA,NA,"N"
"649",3.9,"YR","J",649,"APCL13_616","Wangag",2013-06-04,"11:51:00",340,1,"C",2013,"offspring",NA,NA,NA,NA,"N"
"682",4.8,"YR","J",682,"APCL13_624","Wangag",2013-06-04,"12:33:00",346,1,"C",2013,"offspring",NA,NA,NA,NA,"N"
"366",3.1,"BW","J",366,"APCL13_636","Palanas",2013-06-04,"13:48:00",353,1,"C",2013,"offspring",NA,NA,NA,NA,"N"
"526",4,"YR","J",526,"APCL13_638","Palanas",2013-06-04,"13:57:00",355,1,"C",2013,"offspring",NA,NA,NA,NA,"N"
"556",2.2,"YR","J",556,"APCL13_649","Palanas",2013-06-04,"14:48:20",363,1,"C",2013,"offspring",NA,NA,NA,NA,"N"
"587",3.6,"YR","J",587,"APCL13_629","Palanas",2013-06-04,"13:25:00",350,1,"C",2013,"offspring",NA,NA,NA,NA,"N"
"490",3,"W","J",490,"APCL13_666","N.Magbangon",2013-06-04,"17:06:30",374,1,"C",2013,"offspring",NA,NA,NA,NA,"N"
"613",4.5,"W","J",613,"APCL13_667","N.Magbangon",2013-06-04,"17:06:30",374,1,"C",2013,"offspring",NA,NA,NA,NA,"N"
"805",5.2,"YR","J",805,"APCL13_105","Elementary School",2013-05-25,"11:19:30",60,1,"C",2013,"offspring",NA,NA,NA,NA,"N"
"804",3.2,"W","J",804,"APCL13_106","Elementary School",2013-05-25,"12:06:15",61,1,"C",2013,"offspring",720,"Elementary School","Palanas",2013,"Y"
"813",5,"YR","J",813,"APCL13_107","Elementary School",2013-05-25,"12:06:15",61,1,"C",2013,"offspring",NA,NA,NA,NA,"N"
"802",3.7,"W","J",802,"APCL13_108","Elementary School",2013-05-25,"12:06:15",61,1,"C",2013,"offspring",236,"Elementary School","Palanas",2013,"Y"
"808",4.8,"W","J",808,"APCL13_110","Elementary School",2013-05-25,"12:14:15",62,1,"C",2013,"offspring",NA,NA,NA,NA,"N"
"803",3.3,"YR","J",803,"APCL13_112","Elementary School",2013-05-25,"12:19:45",63,1,"C",2013,"offspring",NA,NA,NA,NA,"N"
"338",5.5,"W","J",338,"APCL13_184","Sitio Baybayon",2013-05-26,"15:58:30",102,1,"C",2013,"offspring",NA,NA,NA,NA,"N"
"971",3.8,"YP","J",971,"APCL13_115","Elementary School",2013-05-25,"12:34:30",64,1,"C",2013,"offspring",NA,NA,NA,NA,"N"
"815",4.1,"YR","J",815,"APCL13_117","Elementary School",2013-05-25,"12:45:15",65,1,"C",2013,"offspring",NA,NA,NA,NA,"N"
"522",5.7,"YR","J",522,"APCL13_124","Elementary School",2013-05-25,"13:08:45",67,1,"C",2013,"offspring",NA,NA,NA,NA,"N"
"684",5.5,"WP","J",684,"APCL13_146","Tamakin Dacot",2013-05-26,"10:57:00",81,1,"C",2013,"offspring",NA,NA,NA,NA,"N"
"355",3.2,"YR","J",355,"APCL13_150","Haina",2013-05-26,"12:04:15",85,1,"C",2013,"offspring",NA,NA,NA,NA,"N"
"656",4.9,"Y","J",656,"APCL13_155","Haina",2013-05-26,"12:58:15",87,1,"C",2013,"offspring",NA,NA,NA,NA,"N"
"710",4.1,"Y","J",710,"APCL13_157","Haina",2013-05-26,"12:58:15",87,1,"C",2013,"offspring",NA,NA,NA,NA,"N"
"792",4.9,"Y","J",792,"APCL13_165","Sitio Baybayon",2013-05-26,"15:00:30",92,1,"C",2013,"offspring",NA,NA,NA,NA,"N"
"368",2.9,"YR","J",368,"APCL13_167","Sitio Baybayon",2013-05-26,"15:06:45",93,1,"C",2013,"offspring",NA,NA,NA,NA,"N"
"468",4,"W","J",468,"APCL13_171","Sitio Baybayon",2013-05-26,"15:12:15",94,1,"C",2013,"offspring",NA,NA,NA,NA,"N"
"685",4.1,"W","J",685,"APCL13_172","Sitio Baybayon",2013-05-26,"15:21:00",95,1,"C",2013,"offspring",NA,NA,NA,NA,"N"
"385",4.9,"YR","J",385,"APCL13_173","Sitio Baybayon",2013-05-26,"15:24:00",96,1,"C",2013,"offspring",NA,NA,NA,NA,"N"
"411",5.3,"YR","J",411,"APCL13_632","Palanas",2013-06-04,"13:39:00",351,1,"C",2013,"offspring",NA,NA,NA,NA,"N"
"968",5,"YP","J",968,"APCL13_575","Sitio Baybayon",2013-06-03,"13:20:30",316,1,"C",2013,"offspring",NA,NA,NA,NA,"N"
"534",3.9,"W","J",534,"APCL13_637","Palanas",2013-06-04,"13:49:30",354,1,"C",2013,"offspring",150,"Palanas","Palanas",2013,"Y"
"434",4.5,"YR","J",434,"APCL13_641","Palanas",2013-06-04,"14:11:20",357,1,"C",2013,"offspring",754,"Palanas","Sitio Baybayon",2013,"Y"
"741",2.8,"W","J",741,"APCL13_648","Palanas",2013-06-04,"14:43:20",362,1,"C",2013,"offspring",NA,NA,NA,NA,"N"
"816",4.3,"YR","J",816,"APCL13_113","Elementary School",2013-05-25,"12:19:45",63,1,"C",2013,"offspring",NA,NA,NA,NA,"N"
"539",3.9,"W","J",539,"APCL13_174","Sitio Baybayon",2013-05-26,"15:32:00",97,1,"C",2013,"offspring",NA,NA,NA,NA,"N"
"528",3.1,"YR","J",528,"APCL13_477","Palanas",2013-05-31,"12:54:00",273,1,"C",2013,"offspring",NA,NA,NA,NA,"N"
"698",4.7,"YR","J",698,"APCL13_468","Palanas",2013-05-31,"11:08:30",267,1,"C",2013,"offspring",NA,NA,NA,NA,"N"
"553",1.8,"YR","J",553,"APCL13_525","Caridad Cemetery",2013-06-02,"10:56:00",292,1,"C",2013,"offspring",NA,NA,NA,NA,"N"
"513",2.5,"YR","J",513,"APCL13_586","Sitio Baybayon",2013-06-03,"14:11:30",320,1,"C",2013,"offspring",NA,NA,NA,NA,"N"
"728",5.2,"YR","J",728,"APCL13_647","Palanas",2013-06-04,"14:39:00",361,1,"C",2013,"offspring",NA,NA,NA,NA,"N"
"624",4,"YR","J",624,"APCL13_439","Palanas",2013-05-31,"08:55:20",253,1,"C",2013,"offspring",NA,NA,NA,NA,"N"
"567",2.9,"YR","J",567,"APCL13_473","Palanas",2013-05-31,"11:33:30",270,1,"C",2013,"offspring",NA,NA,NA,NA,"N"
"551",4.1,"YR","J",551,"APCL13_475","Palanas",2013-05-31,"11:40:30",271,1,"C",2013,"offspring",NA,NA,NA,NA,"N"
"415",4.5,"WP","J",415,"APCL13_519","Caridad Proper",2013-06-02,"09:06:00",290,1,"C",2013,"offspring",NA,NA,NA,NA,"N"
"454",3.9,"YR","J",454,"APCL13_531","Hicgop South",2013-06-02,"14:22:00",295,1,"C",2013,"offspring",NA,NA,NA,NA,"N"
"688",3.2,"YR","J",688,"APCL13_593","Sitio Baybayon",2013-06-03,"14:39:30",323,1,"C",2013,"offspring",NA,NA,NA,NA,"N"
"595",5.8,"YR","J",595,"APCL13_639","Palanas",2013-06-04,"13:59:30",356,1,"C",2013,"offspring",NA,NA,NA,NA,"N"
"897",NA,NA,NA,897,"APCL13_018","Visca",2013-05-22,"15:54:00",10,1,"C",2013,"offspring",NA,NA,NA,NA,"N"
"416",2.9,"YR","J",416,"APCL13_509","Visca",2013-06-01,"17:07:00",286,1,"C",2013,"offspring",NA,NA,NA,NA,"N"
"373",3.7,"YR","J",373,"APCL13_514","Caridad Proper",2013-06-02,"08:47:00",288,1,"C",2013,"offspring",NA,NA,NA,NA,"N"
"372",5.2,"W","J",372,"APCL13_152","Haina",2013-05-26,"12:04:15",85,1,"C",2013,"offspring",NA,NA,NA,NA,"N"
"298",3.4,"YR","J",298,"APCL13_500","Visca",2013-06-01,"16:06:00",282,1,"C",2013,"offspring",NA,NA,NA,NA,"N"
"645",4.1,"YR","J",645,"APCL13_507","Visca",2013-06-01,"16:58:00",285,1,"C",2013,"offspring",25,"Visca","Visca",2013,"Y"
"478",5.9,"YR","J",478,"APCL13_122","Elementary School",2013-05-25,"13:03:00",66,1,"C",2013,"offspring",NA,NA,NA,NA,"N"
"694",3.5,"YR","J",694,"APCL13_321","Cabatoan",2013-05-29,"08:59:00",188,1,"C",2013,"offspring",NA,NA,NA,NA,"N"
"419",4.9,"W","J",419,"APCL13_463","Palanas",2013-05-31,"10:49:00",263,1,"C",2013,"offspring",NA,NA,NA,NA,"N"
"348",3.4,"YR","J",348,"APCL13_561","Sitio Baybayon",2013-06-03,"12:42:00",309,1,"C",2013,"offspring",NA,NA,NA,NA,"N"
"453",2.5,"YR","J",453,"APCL13_582","Sitio Baybayon",2013-06-03,"13:59:00",318,1,"C",2013,"offspring",NA,NA,NA,NA,"N"
"504",4.3,"W","J",504,"APCL13_617","Wangag",2013-06-04,"11:56:30",341,1,"C",2013,"offspring",NA,NA,NA,NA,"N"
"637",2.7,"BW","J",637,"APCL13_659","N.Magbangon",2013-06-04,"16:45:00",368,1,"C",2013,"offspring",445,"N.Magbangon","N.Magbangon",2013,"Y"
"618",3.4,"YR","J",618,"APCL13_661","N.Magbangon",2013-06-04,"16:48:00",369,1,"C",2013,"offspring",NA,NA,NA,NA,"N"
"790",3.5,"YR","J",790,"APCL13_662","N.Magbangon",2013-06-04,"16:52:30",370,1,"C",2013,"offspring",NA,NA,NA,NA,"N"
"605",4,"YR","J",605,"APCL13_138","Tamakin Dacot",2013-05-26,"09:59:30",76,1,"C",2013,"offspring",NA,NA,NA,NA,"N"
"392",3,"YR","J",392,"APCL13_153","Haina",2013-05-26,"12:04:15",85,1,"C",2013,"offspring",NA,NA,NA,NA,"N"
"433",5.3,"WP","J",433,"APCL13_615","Wangag",2013-06-04,"11:44:30",339,1,"C",2013,"offspring",NA,NA,NA,NA,"N"
"14",2.4,"W","J",14,"APCL13_453","Palanas",2013-05-31,"09:37:00",258,1,"C",2013,"offspring",2068,"Palanas","Wangag",2013,"Y"
"386",4.5,"Y","J",386,"APCL14_310","Sitio Baybayon",2014-06-22,"14:51:00",582,1,"C",2014,"offspring",NA,NA,NA,NA,"N"
"765",5.1,"Y","J",765,"APCL14_314","Sitio Baybayon",2014-06-22,"15:09:00",585,1,"C",2014,"offspring",NA,NA,NA,NA,"N"
"660",4.9,"Y","J",660,"APCL14_320","Sitio Baybayon",2014-06-22,"15:41:00",588,1,"C",2014,"offspring",NA,NA,NA,NA,"N"
"966",4.8,"YP","J",966,"APCL14_337","Wangag",2014-06-24,"09:55:00",650,1,"C",2014,"offspring",NA,NA,NA,NA,"N"
"744",4.6,"W","J",744,"APCL14_338","Wangag",2014-06-24,"10:00:00",651,1,"C",2014,"offspring",2076,"Wangag","Sitio Baybayon",2014,"Y"
"585",3.8,"W","J",585,"APCL14_441","Wangag",2014-06-24,"14:02:00",677,1,"C",2014,"offspring",NA,NA,NA,NA,"N"
"317",5,"Y","J",317,"APCL14_541","S.Magbangon",2014-07-02,"11:45:00",208,1,"C",2014,"offspring",NA,NA,NA,NA,"N"
"675",4,"YR","J",675,"APCL14_552","Palanas",2014-07-02,"12:54:00",740,1,"C",2014,"offspring",NA,NA,NA,NA,"N"
"423",4.5,"YR","J",423,"APCL14_449","Wangag",2014-06-24,"15:02:00",684,1,"C",2014,"offspring",NA,NA,NA,NA,"N"
"509",5.3,"W","J",509,"APCL14_460","N.Magbangon",2014-06-26,"10:28:00",693,1,"C",2014,"offspring",NA,NA,NA,NA,"N"
"308",4.4,"W","J",308,"APCL14_217","N.Magbangon",2014-06-18,"13:26:00",516,1,"C",2014,"offspring",NA,NA,NA,NA,"N"
"276",5.5,"YR","J",276,"APCL14_300","Sitio Baybayon",2014-06-22,"14:14:00",575,1,"C",2014,"offspring",NA,NA,NA,NA,"N"
"659",5.2,"YR","J",659,"APCL14_327","Wangag",2014-06-24,"09:17:00",643,1,"C",2014,"offspring",NA,NA,NA,NA,"N"
"713",4,"YR","J",713,"APCL14_018","Poroc San Flower",2014-06-10,"10:33:00",382,1,"C",2014,"offspring",NA,NA,NA,NA,"N"
"2298",3.5,"YR","J",2298,"APCL14_066","Palanas",2014-06-13,"09:58:00",416,1,"C",2014,"offspring",NA,NA,NA,NA,"N"
"16",4.1,"YR","J",16,"APCL14_074","Palanas",2014-06-13,"10:40:00",422,1,"C",2014,"offspring",2129,"Palanas","Sitio Baybayon",2014,"Y"
"370",3.5,"YR","J",370,"APCL14_079","Palanas",2014-06-13,"11:02:00",425,1,"C",2014,"offspring",NA,NA,NA,NA,"N"
"333",4.9,"W","J",333,"APCL14_080","Palanas",2014-06-13,"11:01:00",426,1,"C",2014,"offspring",NA,NA,NA,NA,"N"
"598",4.4,"Y","J",598,"APCL14_167","Palanas",2014-06-17,"10:16:00",491,1,"C",2014,"offspring",NA,NA,NA,NA,"N"
"797",3.7,"Y","J",797,"APCL14_189","Palanas",2014-06-17,"14:16:00",264,1,"C",2014,"offspring",NA,NA,NA,NA,"N"
"336",5.9,"Y","J",336,"APCL14_223","N.Magbangon",2014-06-18,"13:53:00",520,1,"C",2014,"offspring",NA,NA,NA,NA,"N"
"661",4.2,"YR","J",661,"APCL14_445","Wangag",2014-06-24,"14:37:00",680,1,"C",2014,"offspring",NA,NA,NA,NA,"N"
"400",4.1,"W","J",400,"APCL14_446","Wangag",2014-06-24,"14:41:00",681,1,"C",2014,"offspring",NA,NA,NA,NA,"N"
"757",4.7,"W","J",757,"APCL14_453","N.Magbangon",2014-06-26,"09:31:00",688,1,"C",2014,"offspring",NA,NA,NA,NA,"N"
"475",5.6,"YR","J",475,"APCL14_046","Sitio Baybayon",2014-06-12,"15:22:00",406,1,"C",2014,"offspring",NA,NA,NA,NA,"N"
"736",4.4,"WR","J",736,"APCL14_237","N.Magbangon",2014-06-18,"14:49:00",529,1,"C",2014,"offspring",NA,NA,NA,NA,"N"
"305",4.4,"Y","J",305,"APCL14_246","N.Magbangon",2014-06-18,"15:42:00",535,1,"C",2014,"offspring",NA,NA,NA,NA,"N"
"512",5,"W","J",512,"APCL14_402","Wangag",2014-06-23,"15:58:00",628,1,"C",2014,"offspring",NA,NA,NA,NA,"N"
"277",5.3,"Y","J",277,"APCL14_412","Wangag",2014-06-23,"16:40:00",635,1,"C",2014,"offspring",NA,NA,NA,NA,"N"
"378",4.3,"Y","J",378,"APCL14_418","Wangag",2014-06-23,"16:50:00",638,1,"C",2014,"offspring",NA,NA,NA,NA,"N"
"610",5.7,"W","J",610,"APCL14_432","Wangag",2014-06-24,"13:16:00",670,1,"C",2014,"offspring",NA,NA,NA,NA,"N"
"603",4.6,"W","J",603,"APCL14_455","N.Magbangon",2014-06-26,"09:44:00",690,1,"C",2014,"offspring",NA,NA,NA,NA,"N"
"701",4.5,"W","J",701,"APCL14_020","Cabatoan",2014-06-11,"10:43:00",384,1,"C",2014,"offspring",NA,NA,NA,NA,"N"
"652",4.8,"YR","J",652,"APCL14_026","Cabatoan",2014-06-11,"12:13:00",390,1,"C",2014,"offspring",NA,NA,NA,NA,"N"
"759",3.6,"YR","J",759,"APCL14_039","Sitio Baybayon",2014-06-12,"14:44:00",401,1,"C",2014,"offspring",2051,"Sitio Baybayon","Sitio Baybayon",2014,"Y"
"493",3.7,"W","J",493,"APCL14_144","Sitio Baybayon",2014-06-16,"16:16:00",469,1,"C",2014,"offspring",NA,NA,NA,NA,"N"
"2364",4.8,"W","J",2364,"APCL14_145","Sitio Baybayon",2014-06-16,"16:27:00",470,1,"C",2014,"offspring",NA,NA,NA,NA,"N"
"712",5.2,"W","J",712,"APCL14_162","Palanas",2014-06-17,"10:00:00",489,1,"C",2014,"offspring",NA,NA,NA,NA,"N"
"289",4.4,"W","J",289,"APCL14_187","Palanas",2014-06-17,"14:05:00",498,1,"C",2014,"offspring",NA,NA,NA,NA,"N"
"2309",3.7,"Y","J",2309,"APCL14_190","Palanas",2014-06-17,"14:25:00",509,1,"C",2014,"offspring",NA,NA,NA,NA,"N"
"674",5.1,"YR","J",674,"APCL14_224","N.Magbangon",2014-06-18,"13:53:00",520,1,"C",2014,"offspring",NA,NA,NA,NA,"N"
"279",4.5,"YR","J",279,"APCL14_227","N.Magbangon",2014-06-18,"14:10:00",523,1,"C",2014,"offspring",NA,NA,NA,NA,"N"
"746",4.5,"Y","J",746,"APCL14_229","N.Magbangon",2014-06-18,"14:17:00",524,1,"C",2014,"offspring",NA,NA,NA,NA,"N"
"588",5.4,"Y","J",588,"APCL14_231","N.Magbangon",2014-06-18,"14:26:00",526,1,"C",2014,"offspring",NA,NA,NA,NA,"N"
"550",3.9,"Y","J",550,"APCL14_242","N.Magbangon",2014-06-18,"15:06:00",366,1,"C",2014,"offspring",340,"N.Magbangon","N.Magbangon",2014,"Y"
"619",5.4,"YR","J",619,"APCL14_251","Sitio Baybayon",2014-06-22,"09:02:00",543,1,"C",2014,"offspring",NA,NA,NA,NA,"N"
"768",5.1,"W","J",768,"APCL14_346","Wangag",2014-06-24,"10:36:00",657,1,"C",2014,"offspring",NA,NA,NA,NA,"N"
"786",4.5,"Y","J",786,"APCL14_385","Wangag",2014-06-23,"14:32:00",614,1,"C",2014,"offspring",NA,NA,NA,NA,"N"
"555",4.4,"Y","J",555,"APCL14_394","Wangag",2014-06-23,"15:26:00",621,1,"C",2014,"offspring",NA,NA,NA,NA,"N"
"284",4.5,"W","J",284,"APCL14_395","Wangag",2014-06-23,"15:28:00",622,1,"C",2014,"offspring",NA,NA,NA,NA,"N"
"2552",5.5,"W","J",2552,"APCL14_423","Wangag",2014-06-24,"10:54:00",662,1,"C",2014,"offspring",NA,NA,NA,NA,"N"
"351",5.2,"YR","J",351,"APCL14_424","Wangag",2014-06-24,"10:58:00",663,1,"C",2014,"offspring",NA,NA,NA,NA,"N"
"387",4.3,"W","J",387,"APCL14_407","Wangag",2014-06-23,"16:16:00",632,1,"C",2014,"offspring",NA,NA,NA,NA,"N"
"302",4.2,"W","J",302,"APCL14_408","Wangag",2014-06-23,"16:19:00",633,1,"C",2014,"offspring",NA,NA,NA,NA,"N"
"527",5,"W","J",527,"APCL14_410","Wangag",2014-06-23,"16:26:00",634,1,"C",2014,"offspring",NA,NA,NA,NA,"N"
"2554",4.9,"W","J",2554,"APCL14_417","Wangag",2014-06-23,"16:50:00",638,1,"C",2014,"offspring",NA,NA,NA,NA,"N"
"2307",3.6,"Y","J",2307,"APCL14_420","Wangag",2014-06-23,"16:59:00",639,1,"C",2014,"offspring",NA,NA,NA,NA,"N"
"2308",3.7,"W","J",2308,"APCL14_389","Wangag",2014-06-23,"15:09:00",616,1,"C",2014,"offspring",NA,NA,NA,NA,"N"
"499",4.8,"YR","J",499,"APCL14_307","Sitio Baybayon",2014-06-22,"14:40:00",579,1,"C",2014,"offspring",961,"Sitio Baybayon","Sitio Baybayon",2014,"Y"
"418",4.5,"W","J",418,"APCL14_303","Sitio Baybayon",2014-06-22,"14:27:00",577,1,"C",2014,"offspring",NA,NA,NA,NA,"N"
"406",4.5,"Y","J",406,"APCL14_302","Sitio Baybayon",2014-06-22,"14:17:00",576,1,"C",2014,"offspring",NA,NA,NA,NA,"N"
"524",4.3,"Y","J",524,"APCL14_311","Sitio Baybayon",2014-06-22,"14:56:00",583,1,"C",2014,"offspring",NA,NA,NA,NA,"N"
"393",4,"Y","J",393,"APCL14_540","Poroc Rose",2014-07-01,"11:59:00",734,1,"C",2014,"offspring",NA,NA,NA,NA,"N"
"566",4.4,"W","J",566,"APCL14_542","S.Magbangon",2014-07-02,"11:48:00",206,1,"C",2014,"offspring",NA,NA,NA,NA,"N"
"452",4,"W","J",452,"APCL14_443","Wangag",2014-06-24,"14:28:00",636,1,"C",2014,"offspring",NA,NA,NA,NA,"N"
"456",4.5,"W","J",456,"APCL14_325","Wangag",2014-06-24,"09:05:00",641,1,"C",2014,"offspring",NA,NA,NA,NA,"N"
"364",3.8,"YR","J",364,"APCL14_339","Wangag",2014-06-24,"10:05:00",652,1,"C",2014,"offspring",NA,NA,NA,NA,"N"
"711",4.4,"W","J",711,"APCL14_382","Wangag",2014-06-23,"14:14:00",611,1,"C",2014,"offspring",NA,NA,NA,NA,"N"
"573",4.3,"W","J",573,"APCL14_421","Wangag",2014-06-24,"10:47:00",660,1,"C",2014,"offspring",NA,NA,NA,NA,"N"
"6",4.8,"W","J",6,"APCL14_437","Wangag",2014-06-24,"13:30:00",673,1,"C",2014,"offspring",NA,NA,NA,NA,"N"
"330",4.4,"Y","J",330,"APCL14_002","Visca",2014-06-07,"15:01:00",375,1,"C",2014,"offspring",NA,NA,NA,NA,"N"
"782",4.8,"W","J",782,"APCL14_064","Palanas",2014-06-13,"09:51:00",415,1,"C",2014,"offspring",NA,NA,NA,NA,"N"
"2321",4.5,"YR","J",2321,"APCL14_071","Palanas",2014-06-13,"10:22:00",420,1,"C",2014,"offspring",NA,NA,NA,NA,"N"
"412",4,"WR","J",412,"APCL14_076","Palanas",2014-06-13,"10:44:00",423,1,"C",2014,"offspring",NA,NA,NA,NA,"N"
"326",5.2,"YR","J",326,"APCL14_077","Palanas",2014-06-13,"10:52:00",424,1,"C",2014,"offspring",NA,NA,NA,NA,"N"
"602",5.6,"W","J",602,"APCL14_114","Haina",2014-06-16,"09:54:00",445,1,"C",2014,"offspring",NA,NA,NA,NA,"N"
"542",4.1,"W","J",542,"APCL14_143","Sitio Baybayon",2014-06-16,"16:11:00",468,1,"C",2014,"offspring",626,"Sitio Baybayon","Sitio Baybayon",2014,"Y"
"321",3.6,"Y","J",321,"APCL14_200","S.Magbangon",2014-06-18,"08:51:00",214,1,"C",2014,"offspring",NA,NA,NA,NA,"N"
"441",4.4,"Y","J",441,"APCL14_209","N.Magbangon",2014-06-18,"10:10:00",482,1,"C",2014,"offspring",NA,NA,NA,NA,"N"
"2286",5,"YR","J",2286,"APCL14_101","Palanas",2014-06-13,"15:14:00",436,1,"C",2014,"offspring",NA,NA,NA,NA,"N"
"579",4.8,"W","J",579,"APCL14_185","Palanas",2014-06-17,"11:45:00",502,1,"C",2014,"offspring",NA,NA,NA,NA,"N"
"500",5.6,"YR","J",500,"APCL14_193","Palanas",2014-06-17,"14:50:00",536,1,"C",2014,"offspring",NA,NA,NA,NA,"N"
"362",4.1,"YR","J",362,"APCL14_461","N.Magbangon",2014-06-26,"10:37:00",694,1,"C",2014,"offspring",NA,NA,NA,NA,"N"
"642",4.9,"YR","J",642,"APCL14_045","Sitio Baybayon",2014-06-12,"15:22:00",406,1,"C",2014,"offspring",NA,NA,NA,NA,"N"
"644",4.4,"YR","J",644,"APCL14_061","Sitio Baybayon",2014-06-12,"16:49:00",413,1,"C",2014,"offspring",NA,NA,NA,NA,"N"
"2366",4.4,"Y","J",2366,"APCL14_063","Sitio Baybayon",2014-06-12,"17:07:00",414,1,"C",2014,"offspring",NA,NA,NA,NA,"N"
"2314",4.5,"Y","J",2314,"APCL14_134","Sitio Baybayon",2014-06-16,"15:33:00",464,1,"C",2014,"offspring",NA,NA,NA,NA,"N"
"426",4.3,"YR","J",426,"APCL14_152","Sitio Baybayon",2014-06-16,"16:55:00",475,1,"C",2014,"offspring",1028,"Sitio Baybayon","Sitio Baybayon",2014,"Y"
"561",5,"YR","J",561,"APCL14_160","Palanas",2014-06-17,"09:43:00",488,1,"C",2014,"offspring",NA,NA,NA,NA,"N"
"591",4.7,"YR","J",591,"APCL14_194","Palanas",2014-06-17,"14:50:00",536,1,"C",2014,"offspring",NA,NA,NA,NA,"N"
"481",3.7,"Y","J",481,"APCL14_210","N.Magbangon",2014-06-18,"10:20:00",483,1,"C",2014,"offspring",NA,NA,NA,NA,"N"
"420",4,"W","J",420,"APCL14_218","N.Magbangon",2014-06-18,"13:30:00",517,1,"C",2014,"offspring",NA,NA,NA,NA,"N"
"275",5.5,"Y","J",275,"APCL14_236","N.Magbangon",2014-06-18,"14:49:00",529,1,"C",2014,"offspring",NA,NA,NA,NA,"N"
"796",4.7,"Y","J",796,"APCL14_386","Wangag",2014-06-23,"14:51:00",NA,1,"C",2014,"offspring",NA,NA,NA,NA,"N"
"2373",4.3,"WR","J",2373,"APCL14_403","Wangag",2014-06-23,"15:58:00",628,1,"C",2014,"offspring",NA,NA,NA,NA,"N"
"2367",5.6,"Y","J",2367,"APCL14_404","Wangag",2014-06-23,"16:02:00",629,1,"C",2014,"offspring",NA,NA,NA,NA,"N"
"640",NA,"Y","J",640,"APCL14_411","Wangag",2014-06-23,"16:26:00",634,1,"C",2014,"offspring",NA,NA,NA,NA,"N"
"582",4.1,"YR","J",582,"APCL14_048","Sitio Baybayon",2014-06-12,"15:33:00",407,1,"C",2014,"offspring",NA,NA,NA,NA,"N"
"469",4.3,"YR","J",469,"APCL14_058","Sitio Baybayon",2014-06-12,"16:41:00",NA,1,"C",2014,"offspring",NA,NA,NA,NA,"N"
"545",5.8,"YR","J",545,"APCL14_103","Palanas",2014-06-13,"15:21:00",437,1,"C",2014,"offspring",NA,NA,NA,NA,"N"
"2319",5,"YR","J",2319,"APCL14_107","Palanas",2014-06-13,"15:41:00",440,1,"C",2014,"offspring",NA,NA,NA,NA,"N"
"969",4.2,"O","J",969,"APCL14_127","Haina",2014-06-16,"11:54:00",456,1,"C",2014,"offspring",703,"Haina","S.Magbangon",2014,"Y"
"521",4,"W","J",521,"APCL14_206","S.Magbangon",2014-06-18,"09:30:00",480,1,"C",2014,"offspring",NA,NA,NA,NA,"N"
"718",5.6,"WP","J",718,"APCL14_207","S.Magbangon",2014-06-18,"09:30:00",480,1,"C",2014,"offspring",NA,NA,NA,NA,"N"
"625",5.6,"Y","J",625,"APCL14_228","N.Magbangon",2014-06-18,"14:10:00",523,1,"C",2014,"offspring",NA,NA,NA,NA,"N"
"502",4.6,"YR","J",502,"APCL14_232","N.Magbangon",2014-06-18,"14:23:00",525,1,"C",2014,"offspring",NA,NA,NA,NA,"N"
"461",5,"W","J",461,"APCL14_234","N.Magbangon",2014-06-18,"14:40:00",528,1,"C",2014,"offspring",NA,NA,NA,NA,"N"
"795",5.1,"Y","J",795,"APCL14_238","N.Magbangon",2014-06-18,"14:56:00",530,1,"C",2014,"offspring",NA,NA,NA,NA,"N"
"314",4.1,"W","J",314,"APCL14_396","Wangag",2014-06-23,"15:31:00",623,1,"C",2014,"offspring",2129,"Wangag","Sitio Baybayon",2014,"Y"
"325",5.2,"W","J",325,"APCL14_425","Wangag",2014-06-24,"11:04:00",664,1,"C",2014,"offspring",NA,NA,NA,NA,"N"
"1029",5.4,"Y","J",1029,"APCL14_419","Wangag",2014-06-23,"16:59:00",639,1,"C",2014,"offspring",NA,NA,NA,NA,"N"
"304",4.3,"YR","J",304,"APCL14_431","Wangag",2014-06-24,"13:16:00",670,1,"C",2014,"offspring",NA,NA,NA,NA,"N"
"5",4.6,"YR","J",5,"APCL14_295","Sitio Baybayon",2014-06-22,"13:50:00",572,1,"C",2014,"offspring",NA,NA,NA,NA,"N"
"540",4.9,"Y","J",540,"APCL14_296","Sitio Baybayon",2014-06-22,"14:02:00",573,1,"C",2014,"offspring",NA,NA,NA,NA,"N"
"483",5,"YR","J",483,"APCL14_277","Sitio Baybayon",2014-06-22,"10:48:00",560,1,"C",2014,"offspring",NA,NA,NA,NA,"N"
"677",4,"YR","J",677,"APCL14_347","Wangag",2014-06-24,"10:36:00",657,1,"C",2014,"offspring",NA,NA,NA,NA,"N"
"599",4.4,"W","J",599,"APCL14_428","Wangag",2014-06-24,"11:18:00",667,1,"C",2014,"offspring",NA,NA,NA,NA,"N"
"965",4.4,"O","J",965,"APCL14_435","Wangag",2014-06-24,"13:24:00",672,1,"C",2014,"offspring",448,"Wangag","Palanas",2014,"Y"
"608",3.6,"YR","J",608,"APCL14_173","Palanas",2014-06-17,"10:43:00",494,1,"C",2014,"offspring",NA,NA,NA,NA,"N"
"570",4.8,"YR","J",570,"APCL14_024","Cabatoan",2014-06-11,"11:59:00",187,1,"C",2014,"offspring",NA,NA,NA,NA,"N"
"773",4.7,"YR","J",773,"APCL14_025","Cabatoan",2014-06-11,"12:08:00",389,1,"C",2014,"offspring",NA,NA,NA,NA,"N"
"686",3.7,"W","J",686,"APCL14_027","Cabatoan",2014-06-11,"12:23:00",391,1,"C",2014,"offspring",NA,NA,NA,NA,"N"
"781",5.3,"YR","J",781,"APCL14_038","Sitio Baybayon",2014-06-12,"14:44:00",401,1,"C",2014,"offspring",NA,NA,NA,NA,"N"
"531",5.5,"Y","J",531,"APCL14_241","N.Magbangon",2014-06-18,"15:02:00",531,1,"C",2014,"offspring",NA,NA,NA,NA,"N"
"636",4.1,"W","J",636,"APCL14_028","Cabatoan",2014-06-11,"12:30:00",NA,1,"C",2014,"offspring",2062,"Cabatoan","S.Magbangon",2014,"Y"
"281",5.1,"W","J",281,"APCL14_426","Wangag",2014-06-24,"11:08:00",665,1,"C",2014,"offspring",NA,NA,NA,NA,"N"
"485",4,"W","J",485,"APCL14_031","Tamakin Dacot",2014-06-12,"11:03:00",83,1,"C",2014,"offspring",NA,NA,NA,NA,"N"
"581",4.4,"W","J",581,"APCL14_205","S.Magbangon",2014-06-18,"09:12:00",479,1,"C",2014,"offspring",962,"S.Magbangon","Cabatoan",2014,"Y"
"748",5.8,"Y","J",748,"APCL14_233","N.Magbangon",2014-06-18,"14:33:00",527,1,"C",2014,"offspring",NA,NA,NA,NA,"N"
"435",4.5,"YR","J",435,"APCL14_219","N.Magbangon",2014-06-18,"13:37:00",518,1,"C",2014,"offspring",NA,NA,NA,NA,"N"
"405",4.7,"YR","J",405,"APCL14_225","N.Magbangon",2014-06-18,"13:58:00",521,1,"C",2014,"offspring",NA,NA,NA,NA,"N"
"285",3.2,"Y","J",285,"APCL14_174","Palanas",2014-06-17,"10:49:00",495,1,"C",2014,"offspring",NA,NA,NA,NA,"N"
"730",4.6,"W","J",730,"APCL14_216","N.Magbangon",2014-06-18,"13:21:00",515,1,"C",2014,"offspring",NA,NA,NA,NA,"N"
"546",4.3,"Y","J",546,"APCL14_212","N.Magbangon",2014-06-18,"10:28:00",511,1,"C",2014,"offspring",NA,NA,NA,NA,"N"
"745",5.6,"Y","J",745,"APCL14_179","Palanas",2014-06-17,"11:13:00",498,1,"C",2014,"offspring",NA,NA,NA,NA,"N"
"427",5.3,NA,NA,427,"APCL14_054","Sitio Baybayon",2014-06-12,"16:09:00",410,1,"C",2014,"offspring",NA,NA,NA,NA,"N"
"672",5.5,"YR","J",672,"APCL14_099","Palanas",2014-06-13,"15:06:00",435,1,"C",2014,"offspring",NA,NA,NA,NA,"N"
"547",4.5,"YR","J",547,"APCL14_191","Palanas",2014-06-17,"14:25:00",509,1,"C",2014,"offspring",NA,NA,NA,NA,"N"
"607",5.2,"YR","J",607,"APCL14_089","Palanas",2014-06-13,"11:33:00",429,1,"C",2014,"offspring",NA,NA,NA,NA,"N"
"578",4.2,"W","J",578,"APCL14_406","Wangag",2014-06-23,"16:14:00",631,1,"C",2014,"offspring",NA,NA,NA,NA,"N"
"670",3.6,"YR","J",670,"APCL14_434","Wangag",2014-06-24,"13:21:00",671,1,"C",2014,"offspring",NA,NA,NA,NA,"N"
"471",4.8,"W","J",471,"APCL14_439","Wangag",2014-06-24,"13:49:00",675,1,"C",2014,"offspring",NA,NA,NA,NA,"N"
"329",4.8,"YR","J",329,"APCL14_440","Wangag",2014-06-24,"13:56:00",676,1,"C",2014,"offspring",NA,NA,NA,NA,"N"
"2559",5.5,"Y","J",2559,"APCL14_399","Wangag",2014-06-23,"15:50:00",626,1,"C",2014,"offspring",NA,NA,NA,NA,"N"
"537",5.8,"Y","J",537,"APCL14_401","Wangag",2014-06-23,"15:52:00",627,1,"C",2014,"offspring",NA,NA,NA,NA,"N"
"335",5.5,"Y","J",335,"APCL14_186","Palanas",2014-06-17,"13:58:00",503,1,"C",2014,"offspring",NA,NA,NA,NA,"N"
"681",5.7,"Y","J",681,"APCL14_192","Palanas",2014-06-17,"14:40:00",121,1,"C",2014,"offspring",NA,NA,NA,NA,"N"
"707",5.3,"W","J",707,"APCL14_324","Wangag",2014-06-24,"08:45:00",640,1,"C",2014,"offspring",NA,NA,NA,NA,"N"
"1046",3.6,"YR","J",1046,"APCL14_332","Wangag",2014-06-24,"09:38:00",647,1,"C",2014,"offspring",NA,NA,NA,NA,"N"
"2375",4.4,"W","J",2375,"APCL14_329","Wangag",2014-06-24,"09:22:00",646,1,"C",2014,"offspring",NA,NA,NA,NA,"N"
"352",4.6,"YR","J",352,"APCL14_336","Wangag",2014-06-24,"09:52:00",649,1,"C",2014,"offspring",NA,NA,NA,NA,"N"
"2381",4.2,"W","J",2381,"APCL14_405","Wangag",2014-06-23,"16:07:00",630,1,"C",2014,"offspring",NA,NA,NA,NA,"N"
"739",4.8,"W","J",739,"APCL14_429","Wangag",2014-06-24,"11:27:00",668,1,"C",2014,"offspring",NA,NA,NA,NA,"N"
"734",4,"Y","J",734,"APCL14_430","Wangag",2014-06-24,"11:25:00",669,1,"C",2014,"offspring",NA,NA,NA,NA,"N"
"2399",4.2,"YP","J",2399,"APCL14_051","Sitio Baybayon",2014-06-12,"15:56:00",409,1,"C",2014,"offspring",NA,NA,NA,NA,"N"
"301",4.8,"YR","J",301,"APCL14_151","Sitio Baybayon",2014-06-16,"16:58:00",474,1,"C",2014,"offspring",NA,NA,NA,NA,"N"
"525",4.8,"YR","J",525,"APCL14_092","Palanas",2014-06-13,"11:49:00",432,1,"C",2014,"offspring",NA,NA,NA,NA,"N"
"654",4.4,"YR","J",654,"APCL14_093","Palanas",2014-06-13,"11:49:00",432,1,"C",2014,"offspring",NA,NA,NA,NA,"N"
"363",5.1,"Y","J",363,"APCL14_269","Sitio Baybayon",2014-06-22,"10:13:00",555,1,"C",2014,"offspring",NA,NA,NA,NA,"N"
"673",4.3,"WR","J",673,"APCL14_271","Sitio Baybayon",2014-06-22,"10:20:00",556,1,"C",2014,"offspring",501,"Sitio Baybayon","Sitio Baybayon",2014,"Y"
"4",4.1,"W","J",4,"APCL14_328","Wangag",2014-06-24,"09:20:00",645,1,"C",2014,"offspring",NA,NA,NA,NA,"N"
"779",5.8,"W","J",779,"APCL14_132","Tamakin Dacot",2014-06-16,"14:23:00",79,1,"C",2014,"offspring",NA,NA,NA,NA,"N"
"1031",4.9,"YR","J",1031,"APCL14_129","Tamakin Dacot",2014-06-16,"13:48:00",73,1,"C",2014,"offspring",NA,NA,NA,NA,"N"
"970",4.4,"O","J",970,"APCL14_414","Wangag",2014-06-23,"16:45:00",636,1,"C",2014,"offspring",NA,NA,NA,NA,"N"
"574",5.7,"YR","J",574,"APCL14_220","N.Magbangon",2014-06-18,"13:37:00",518,1,"C",2014,"offspring",NA,NA,NA,NA,"N"
"705",4.9,"W","J",705,"APCL14_331","Wangag",2014-06-24,"09:38:00",647,1,"C",2014,"offspring",NA,NA,NA,NA,"N"
"738",4,"W","J",738,"APCL14_188","Palanas",2014-06-17,"14:09:00",506,1,"C",2014,"offspring",NA,NA,NA,NA,"N"
"299",4,"YR","J",299,"APCL14_086","Palanas",2014-06-13,"11:24:00",428,1,"C",2014,"offspring",NA,NA,NA,NA,"N"
"21",4.6,"YR","J",21,"APCL14_293","Sitio Baybayon",2014-06-22,"13:43:00",570,1,"C",2014,"offspring",NA,NA,NA,NA,"N"
"1044",3.7,"W","J",1044,"APCL14_427","Wangag",2014-06-24,"11:08:00",665,1,"C",2014,"offspring",NA,NA,NA,NA,"N"
"689",4.8,"WR","J",689,"APCL14_409","Wangag",2014-06-23,"16:19:00",633,1,"C",2014,"offspring",NA,NA,NA,NA,"N"
"680",5.7,"YR","J",680,"APCL14_154","Palanas",2014-06-17,"09:16:00",484,1,"C",2014,"offspring",NA,NA,NA,NA,"N"
"789",4.5,"W","J",789,"APCL14_156","Palanas",2014-06-17,"09:30:00",486,1,"C",2014,"offspring",NA,NA,NA,NA,"N"
"288",5.4,"W","J",288,"APCL14_195","Palanas",2014-06-17,"15:01:00",537,1,"C",2014,"offspring",NA,NA,NA,NA,"N"
"2279",4.5,"Y","J",2279,"APCL14_230","N.Magbangon",2014-06-18,"14:23:00",525,1,"C",2014,"offspring",NA,NA,NA,NA,"N"
"13",5.5,"Y","J",13,"APCL14_182","Palanas",2014-06-17,"11:33:00",500,1,"C",2014,"offspring",NA,NA,NA,NA,"N"
"2553",5.2,"Y","J",2553,"APCL14_133","Sitio Baybayon",2014-06-16,"15:29:00",463,1,"C",2014,"offspring",NA,NA,NA,NA,"N"
"2296",4.3,"Y","J",2296,"APCL14_400","Wangag",2014-06-23,"15:50:00",626,1,"C",2014,"offspring",NA,NA,NA,NA,"N"
"532",4.3,"Y","J",532,"APCL14_397","Wangag",2014-06-23,"15:36:00",624,1,"C",2014,"offspring",NA,NA,NA,NA,"N"
"431",5.1,"WR","J",431,"APCL14_393","Wangag",2014-06-23,"15:22:00",176,1,"C",2014,"offspring",NA,NA,NA,NA,"N"
"2423",5.2,"W","J",2423,"APCL14_547","Palanas",2014-07-02,"12:31:00",129,1,"C",2014,"offspring",NA,NA,NA,NA,"N"
"870",5.5,"YR","J",870,"APCL15_132","Sitio Baybayon",2015-06-11,"15:41:00",1573,3,"C",2015,"offspring",NA,NA,NA,NA,"N"
"873",4.1,"Y","J",873,"APCL15_134","Sitio Baybayon",2015-06-11,"15:51:00",788,3,"C",2015,"offspring",NA,NA,NA,NA,"N"
"859",5.6,"YR","J",859,"APCL15_135","Sitio Baybayon",2015-06-11,"15:55:00",809,3,"C",2015,"offspring",NA,NA,NA,NA,"N"
"863",4.2,"YR","J",863,"APCL15_131","Sitio Baybayon",2015-06-11,"14:55:00",1567,3,"C",2015,"offspring",NA,NA,NA,NA,"N"
"552",5.8,"YR","J",552,"APCL15_139","Sitio Baybayon",2015-06-13,"14:07:00",1010,3,"C",2015,"offspring",NA,NA,NA,NA,"N"
"359",4.7,"YR","J",359,"APCL15_142","Sitio Baybayon",2015-06-13,"14:24:00",405,3,"C",2015,"offspring",NA,NA,NA,NA,"N"
"495",5.8,"YR","J",495,"APCL15_144","Sitio Baybayon",2015-06-13,"14:47:00",834,3,"C",2015,"offspring",NA,NA,NA,NA,"N"
"523",5,"YR","J",523,"APCL15_136","Sitio Baybayon",2015-06-13,"10:48:00",746,3,"C",2015,"offspring",NA,NA,NA,NA,"N"
"726",4.6,"YR","J",726,"APCL15_145","Sitio Baybayon",2015-06-13,"14:58:00",818,3,"C",2015,"offspring",NA,NA,NA,NA,"N"
"464",5.4,"YR","J",464,"APCL15_141","Sitio Baybayon",2015-06-13,"14:24:00",405,3,"C",2015,"offspring",1082,"Sitio Baybayon","Cabatoan",2015,"Y"
"593",4.6,"W","J",593,"APCL15_107","Poroc Rose",2015-06-08,"13:09:00",938,3,"C",2015,"offspring",NA,NA,NA,NA,"N"
"358",5.3,"YR","J",358,"APCL15_097","Poroc Rose",2015-06-08,"12:50:00",1546,3,"C",2015,"offspring",NA,NA,NA,NA,"N"
"383",4.2,"YR","J",383,"APCL15_125","Tamakin Dacot",2015-06-11,"11:49:00",1563,3,"C",2015,"offspring",NA,NA,NA,NA,"N"
"516",4.5,"YR","J",516,"APCL15_114","Tamakin Dacot",2015-06-09,"10:08:00",1550,3,"C",2015,"offspring",NA,NA,NA,NA,"N"
"627",4.1,"YR","J",627,"APCL15_111","Poroc San Flower",2015-06-08,"14:09:00",379,3,"C",2015,"offspring",NA,NA,NA,NA,"N"
"565",4.6,"YR","J",565,"APCL15_129","Sitio Baybayon",2015-06-11,"14:36:00",810,3,"C",2015,"offspring",NA,NA,NA,NA,"N"
"33",4.1,"W","J",33,"APCL15_120","Haina",2015-06-09,"14:41:00",1557,3,"C",2015,"offspring",NA,NA,NA,NA,"N"
"46",4.4,"YR","J",46,"APCL15_113","Poroc San Flower",2015-06-08,"14:17:00",939,3,"C",2015,"offspring",NA,NA,NA,NA,"N"
"34",4,"YR","J",34,"APCL15_112","Poroc San Flower",2015-06-08,"14:13:00",380,3,"C",2015,"offspring",NA,NA,NA,NA,"N"
"40",5.6,"Y","J",40,"APCL15_124","Tamakin Dacot",2015-06-11,"11:38:00",799,3,"C",2015,"offspring",NA,NA,NA,NA,"N"
"43",5.8,"W","J",43,"APCL15_105","San Agustin",2015-06-07,"14:02:00",1269,3,"C",2015,"offspring",NA,NA,NA,NA,"N"
"37",5.2,"YR","J",37,"APCL15_130","Sitio Baybayon",2015-06-11,"14:37:00",1565,3,"C",2015,"offspring",NA,NA,NA,NA,"N"
"39",4.8,"W","J",39,"APCL15_096","San Agustin",2015-06-07,"15:02:00",1545,3,"C",2015,"offspring",NA,NA,NA,NA,"N"
"2276",4.7,"Y","J",2276,"APCL15_083","Cabatoan",2015-06-05,"11:54:00",703,3,"C",2015,"offspring",428,"Cabatoan","Wangag",2015,"Y"
"44",5.9,"Y","J",44,"APCL15_080","Cabatoan",2015-06-05,"11:54:00",703,3,"C",2015,"offspring",NA,NA,NA,NA,"N"
"2297",5.5,"YR","J",2297,"APCL15_082","Cabatoan",2015-06-05,"11:54:00",703,3,"C",2015,"offspring",448,"Cabatoan","Palanas",2015,"Y"
"2284",5.7,"YR","J",2284,"APCL15_081","Cabatoan",2015-06-05,"11:54:00",703,3,"C",2015,"offspring",NA,NA,NA,NA,"N"
"36",4.6,"YR","J",36,"APCL15_085","Cabatoan",2015-06-05,"12:04:00",1539,3,"C",2015,"offspring",NA,NA,NA,NA,"N"
"47",4.5,"W","J",47,"APCL15_086","Cabatoan",2015-06-05,"12:16:00",1540,3,"C",2015,"offspring",NA,NA,NA,NA,"N"
"42",4.5,"W","J",42,"APCL15_091","Cabatoan",2015-06-05,"14:28:00",1541,3,"C",2015,"offspring",NA,NA,NA,NA,"N"
"2275",5.4,"Y","J",2275,"APCL15_092","Cabatoan",2015-06-05,"14:37:00",851,3,"C",2015,"offspring",NA,NA,NA,NA,"N"
"41",4.8,"YR","J",41,"APCL15_115","Tamakin Dacot",2015-06-09,"10:43:00",1552,3,"C",2015,"offspring",NA,NA,NA,NA,"N"
"181",4.2,"W","J",181,"APCL15_095","Cabatoan",2015-06-05,"14:47:00",910,3,"C",2015,"offspring",NA,NA,NA,NA,"N"
"188",4.1,"WR","J",188,"APCL15_094","Cabatoan",2015-06-05,"14:43:00",875,3,"C",2015,"offspring",NA,NA,NA,NA,"N"
"175",5.5,"W","J",175,"APCL15_093","Cabatoan",2015-06-05,"14:43:00",875,3,"C",2015,"offspring",NA,NA,NA,NA,"N"
"95",4.4,"YR","J",95,"APCL15_074","N.Magbangon",2015-06-04,"15:18:00",1537,3,"C",2015,"offspring",NA,NA,NA,NA,"N"
"2288",5,"YR","J",2288,"APCL15_045","Wangag",2015-06-01,"15:29:00",1116,3,"C",2015,"offspring",NA,NA,NA,NA,"N"
"122",5.4,"YR","J",122,"APCL15_017","Palanas",2015-05-30,"15:20:00",1435,3,"C",2015,"offspring",NA,NA,NA,NA,"N"
"1208",5.6,"YR","J",1208,"APCL15_375827","Gabas",2015-05-28,"13:41:00",1288,3,"C",2015,"offspring",NA,NA,NA,NA,"N"
"1199",5.5,"YR","J",1199,"APCL15_375443","Palanas",2015-05-29,"15:52:00",952,3,"C",2015,"offspring",NA,NA,NA,NA,"N"
"238",5.8,"YR","J",238,"APCL15_147","Sitio Baybayon",2015-06-14,"09:38:00",1150,3,"C",2015,"offspring",NA,NA,NA,NA,"N"
"2371",4.6,"YR","J",2371,"APCL15_143","Sitio Baybayon",2015-06-13,"14:41:00",403,3,"C",2015,"offspring",NA,NA,NA,NA,"N"
"486",4.5,"Y","J",486,"APCL15_140","Sitio Baybayon",2015-06-13,"14:07:00",1010,3,"C",2015,"offspring",NA,NA,NA,NA,"N"
"577",5,"YR","J",577,"APCL15_150","Sitio Baybayon",2015-06-14,"10:00:00",775,3,"C",2015,"offspring",NA,NA,NA,NA,"N"
"777",4.1,"YR","J",777,"APCL15_110","Poroc San Flower",2015-06-08,"14:03:00",1549,3,"C",2015,"offspring",NA,NA,NA,NA,"N"
"38",4.6,"BW","J",38,"APCL15_122","Haina",2015-06-09,"15:01:00",1559,3,"C",2015,"offspring",NA,NA,NA,NA,"N"
"161",5.8,"YR","J",161,"APCL15_073","N.Magbangon",2015-06-04,"15:15:00",693,3,"C",2015,"offspring",NA,NA,NA,NA,"N"
"205",4.4,"W","J",205,"APCL15_026","Wangag",2015-05-31,"15:20:00",1457,3,"C",2015,"offspring",NA,NA,NA,NA,"N"
"202",5.2,"YR","J",202,"APCL15_014","Palanas",2015-05-30,"14:13:00",360,3,"C",2015,"offspring",NA,NA,NA,NA,"N"
"2550",4.5,"YR","J",2550,"APCL15_022","Wangag",2015-05-31,"11:51:00",1441,3,"C",2015,"offspring",NA,NA,NA,NA,"N"
"98",4.6,"W","J",98,"APCL15_025","Wangag",2015-05-31,"14:18:00",1448,3,"C",2015,"offspring",NA,NA,NA,NA,"N"
"172",4.5,"WR","J",172,"APCL15_018","Palanas",2015-05-30,"15:20:00",1435,3,"C",2015,"offspring",NA,NA,NA,NA,"N"
"1274",5.9,"Y","J",1274,"APCL15_370907","Palanas",2015-05-29,"14:03:00",740,3,"C",2015,"offspring",1163,"Palanas","N.Magbangon",2015,"Y"
"107",4.9,"YR","J",107,"APCL15_016","Palanas",2015-05-30,"15:04:00",416,3,"C",2015,"offspring",NA,NA,NA,NA,"N"
"206",4.8,"YR","J",206,"APCL15_010","Palanas",2015-05-30,"12:17:00",363,3,"C",2015,"offspring",NA,NA,NA,NA,"N"
"2290",4.4,"YR","J",2290,"APCL15_013","Palanas",2015-05-30,"14:03:00",428,3,"C",2015,"offspring",NA,NA,NA,NA,"N"
"231",5.7,"YR","J",231,"APCL15_148","Sitio Baybayon",2015-06-14,"09:41:00",1012,3,"C",2015,"offspring",NA,NA,NA,NA,"N"
"166",5,"YR","J",166,"APCL15_151","Sitio Baybayon",2015-06-14,"10:51:00",1584,3,"C",2015,"offspring",NA,NA,NA,NA,"N"
"264",5.3,"YR","J",264,"APCL15_158","Sitio Baybayon",2015-06-14,"14:54:00",573,3,"C",2015,"offspring",NA,NA,NA,NA,"N"
"182",4.3,"YR","J",182,"APCL15_157","Sitio Baybayon",2015-06-14,"14:31:00",1152,3,"C",2015,"offspring",NA,NA,NA,NA,"N"
"230",4.1,"YR","J",230,"APCL15_156","Sitio Baybayon",2015-06-14,"14:13:00",567,3,"C",2015,"offspring",2279,"Sitio Baybayon","N.Magbangon",2015,"Y"
"1312",5.8,"YR","J",1312,"APCL15_375642","Palanas",2015-05-30,"10:25:00",1021,3,"C",2015,"offspring",NA,NA,NA,NA,"N"
"247",5.3,"YR","J",247,"APCL15_064","N.Magbangon",2015-06-04,"10:18:00",1510,3,"C",2015,"offspring",2062,"N.Magbangon","S.Magbangon",2015,"Y"
"241",5.7,"W","J",241,"APCL15_069","N.Magbangon",2015-06-04,"11:34:00",1523,3,"C",2015,"offspring",974,"N.Magbangon","Poroc Rose",2015,"Y"
"2341",4.1,"W","J",2341,"APCL15_024","Wangag",2015-05-31,"13:53:00",1445,3,"C",2015,"offspring",NA,NA,NA,NA,"N"
"234",4.3,"B","J",234,"APCL15_044","Wangag",2015-06-01,"15:23:00",1475,3,"C",2015,"offspring",NA,NA,NA,NA,"N"
"183",4.1,"YR","J",183,"APCL15_021","Wangag",2015-05-31,"11:43:00",1440,3,"C",2015,"offspring",NA,NA,NA,NA,"N"
"153",3.5,"YR","J",153,"APCL15_042","Wangag",2015-06-01,"14:49:00",1473,3,"C",2015,"offspring",NA,NA,NA,NA,"N"
"1022",4.5,"YR","J",1022,"APCL15_373270","Visca",2015-05-28,"10:13:00",782,3,"C",2015,"offspring",NA,NA,NA,NA,"N"
"32",5.8,"YR","J",32,"APCL15_101","Hicgop South",2015-06-07,"10:25:00",708,3,"C",2015,"offspring",NA,NA,NA,NA,"N"
"704",4.9,"W","J",704,"APCL15_108","Poroc San Flower",2015-06-08,"13:54:00",906,3,"C",2015,"offspring",NA,NA,NA,NA,"N"
"232",4.7,"W","J",232,"APCL15_040","Wangag",2015-06-01,"13:57:00",1471,3,"C",2015,"offspring",NA,NA,NA,NA,"N"
"24",5.8,"YR","J",24,"APCL15_149","Sitio Baybayon",2015-06-14,"09:45:00",543,3,"C",2015,"offspring",NA,NA,NA,NA,"N"
"687",5.1,"YR","J",687,"APCL15_137","Sitio Baybayon",2015-06-13,"11:32:00",1009,3,"C",2015,"offspring",NA,NA,NA,NA,"N"
"118",5.8,"YR","J",118,"APCL15_065","N.Magbangon",2015-06-04,"10:41:00",1515,3,"C",2015,"offspring",NA,NA,NA,NA,"N"
"96",3.5,"YR","J",96,"APCL15_007","Palanas",2015-05-30,"11:57:00",923,3,"C",2015,"offspring",NA,NA,NA,NA,"N"
"2287",5.2,"W","J",2287,"APCL15_071","N.Magbangon",2015-06-04,"12:12:00",515,3,"C",2015,"offspring",NA,NA,NA,NA,"N"
"262",4.6,"YR","J",262,"APCL15_152","Sitio Baybayon",2015-06-14,"11:11:00",550,3,"C",2015,"offspring",NA,NA,NA,NA,"N"
"152",4.4,"YR","J",152,"APCL15_089","Cabatoan",2015-06-05,"14:07:00",390,3,"C",2015,"offspring",NA,NA,NA,NA,"N"
"1754",5.3,"YP","J",1754,"APCL15_159","Sitio Baybayon",2015-06-14,"15:05:00",781,3,"C",2015,"offspring",NA,NA,NA,NA,"N"
"106",4.4,"WR","J",106,"APCL15_070","N.Magbangon",2015-06-04,"11:34:00",1523,3,"C",2015,"offspring",NA,NA,NA,NA,"N"
"195",5.1,"W","J",195,"APCL15_075","N.Magbangon",2015-06-04,"15:26:00",1538,3,"C",2015,"offspring",NA,NA,NA,NA,"N"
"213",4.2,"YR","J",213,"APCL15_019","Palanas",2015-05-30,"15:55:00",885,3,"C",2015,"offspring",1163,"Palanas","N.Magbangon",2015,"Y"
"422",5.3,"YR","J",422,"APCL15_116","Tamakin Dacot",2015-06-09,"10:50:00",1553,3,"C",2015,"offspring",NA,NA,NA,NA,"N"
"90",4.9,"W","J",90,"APCL15_036","Wangag",2015-06-01,"12:07:00",661,3,"C",2015,"offspring",NA,NA,NA,NA,"N"
"189",4.8,"YR","J",189,"APCL15_155","Sitio Baybayon",2015-06-14,"11:49:00",1589,3,"C",2015,"offspring",NA,NA,NA,NA,"N"
"3",4.3,"YR","J",3,"APCL15_098","Hicgop South",2015-06-07,"09:32:00",1305,3,"C",2015,"offspring",NA,NA,NA,NA,"N"
"964",5,"O","J",964,"APCL15_121","Haina",2015-06-09,"14:50:00",1558,3,"C",2015,"offspring",725,"Haina","Sitio Baybayon",2015,"Y"
"242",4.4,"W","J",242,"APCL15_076","N.Magbangon",2015-06-04,"15:28:00",1379,3,"C",2015,"offspring",NA,NA,NA,NA,"N"
"245",5.6,"YR","J",245,"APCL15_090","Cabatoan",2015-06-05,"14:10:00",189,3,"C",2015,"offspring",NA,NA,NA,NA,"N"
"2295",3.8,"YR","J",2295,"APCL15_118","Haina",2015-06-09,"13:49:00",1555,3,"C",2015,"offspring",NA,NA,NA,NA,"N"
"425",4.7,"YR","J",425,"APCL15_117","Haina",2015-06-09,"13:49:00",1555,3,"C",2015,"offspring",NA,NA,NA,NA,"N"
"356",4.3,"YR","J",356,"APCL15_138","Sitio Baybayon",2015-06-13,"12:07:00",803,3,"C",2015,"offspring",NA,NA,NA,NA,"N"
"706",5.2,"Y","J",706,"APCL15_123","Haina",2015-06-09,"15:26:00",1561,3,"C",2015,"offspring",NA,NA,NA,NA,"N"
"35",4,"YR","J",35,"APCL15_077","Cabatoan",2015-06-05,"10:56:00",701,3,"C",2015,"offspring",2062,"Cabatoan","S.Magbangon",2015,"Y"
"119",4.4,"YR","J",119,"APCL15_072","N.Magbangon",2015-06-04,"15:02:00",1535,3,"C",2015,"offspring",NA,NA,NA,NA,"N"
"760",4,"YR","J",760,"APCL15_128","Tamakin Dacot",2015-06-11,"12:25:00",1564,3,"C",2015,"offspring",NA,NA,NA,NA,"N"
"45",5.2,"Y","J",45,"APCL15_104","Elementary School",2015-06-07,"11:35:00",713,3,"C",2015,"offspring",NA,NA,NA,NA,"N"
"134",3.8,"W","J",134,"APCL15_039","Wangag",2015-06-01,"13:51:00",1470,3,"C",2015,"offspring",NA,NA,NA,NA,"N"
"164",4.3,"W","J",164,"APCL15_043","Wangag",2015-06-01,"15:16:00",1119,3,"C",2015,"offspring",NA,NA,NA,NA,"N"
"2280",4.7,"YR","J",2280,"APCL15_119","Haina",2015-06-09,"14:08:00",1556,3,"C",2015,"offspring",NA,NA,NA,NA,"N"
"2289",4.1,"YR","J",2289,"APCL15_038","Wangag",2015-06-01,"13:45:00",1469,3,"C",2015,"offspring",NA,NA,NA,NA,"N"
"2293",5.6,"Y","J",2293,"APCL15_133","Sitio Baybayon",2015-06-11,"15:51:00",788,3,"C",2015,"offspring",NA,NA,NA,NA,"N"
"2283",4.1,"YR","J",2283,"APCL15_100","Hicgop South",2015-06-07,"09:59:00",1544,3,"C",2015,"offspring",NA,NA,NA,NA,"N"
"2282",4.4,"YR","J",2282,"APCL15_102","Elementary School",2015-06-07,"11:18:00",1268,3,"C",2015,"offspring",NA,NA,NA,NA,"N"
"2661",5.1,"YP","J",2661,"APCL15_103","Elementary School",2015-06-07,"11:31:00",1304,3,"C",2015,"offspring",NA,NA,NA,NA,"N"
"2292",5,"YR","J",2292,"APCL15_109","Poroc San Flower",2015-06-08,"13:57:00",14,3,"C",2015,"offspring",NA,NA,NA,NA,"N"
"2398",4.4,"YP","J",2398,"APCL15_041","Wangag",2015-06-01,"14:03:00",1472,3,"C",2015,"offspring",1802,"Wangag","Wangag",2015,"Y"
"2291",4.8,"YR","J",2291,"APCL15_011","Palanas",2015-05-30,"13:52:00",429,3,"C",2015,"offspring",NA,NA,NA,NA,"N"
"2285",5.1,"YR","J",2285,"APCL15_078","Cabatoan",2015-06-05,"10:56:00",701,3,"C",2015,"offspring",NA,NA,NA,NA,"N"
"2277",4.4,"YR","J",2277,"APCL15_079","Cabatoan",2015-06-05,"11:18:00",940,3,"C",2015,"offspring",NA,NA,NA,NA,"N"
"2765",5.3,"YR","J",2765,"APCL16_031","Palanas",2016-05-13,"10:20:00",1616,3,"C",2016,"offspring",NA,NA,NA,NA,"N"
"1369",5.9,"YR","J",1369,"APCL16_090","Palanas",2016-05-14,"15:08:00",1641,3,"C",2016,"offspring",NA,NA,NA,NA,"N"
"432",3.9,"YR","J",432,"APCL16_149","Cabatoan",2016-05-17,"11:22:00",911,3,"C",2016,"offspring",NA,NA,NA,NA,"N"
"1344",5.7,"YR","J",1344,"APCL16_796","Wangag",2016-06-15,"09:55:00",1974,4,"R",2016,"offspring",NA,NA,NA,NA,"N"
"1339",5.4,"W","J",1339,"APCL16_812","Cabatoan",2016-06-15,"13:52:00",699,4,"R",2016,"offspring",NA,NA,NA,NA,"N"
"1348",5.6,"YR","J",1348,"APCL16_813","Poroc San Flower",2016-06-16,"07:57:00",NA,4,"R",2016,"offspring",NA,NA,NA,NA,"N"
"1346",5.1,"YR","J",1346,"APCL16_815","Poroc Rose",2016-06-16,"09:38:00",NA,4,"R",2016,"offspring",NA,NA,NA,NA,"N"
"617",3.5,"YR","J",617,"APCL16_042","Palanas",2016-05-13,"11:06:00",502,3,"C",2016,"offspring",NA,NA,NA,NA,"N"
"350",5.9,"YR","J",350,"APCL16_048","Palanas",2016-05-13,"11:34:00",1618,3,"C",2016,"offspring",NA,NA,NA,NA,"N"
"2659",4.4,"YR","J",2659,"APCL16_050","Palanas",2016-05-13,"12:05:00",503,3,"C",2016,"offspring",NA,NA,NA,NA,"N"
"575",5.7,"YR","J",575,"APCL16_058","Palanas",2016-05-13,"14:38:00",1620,3,"C",2016,"offspring",NA,NA,NA,NA,"N"
"430",5.1,"YR","J",430,"APCL16_060","Palanas",2016-05-13,"14:56:00",1624,3,"C",2016,"offspring",NA,NA,NA,NA,"N"
"357",4.5,"YR","J",357,"APCL16_063","Palanas",2016-05-13,"15:10:00",257,3,"C",2016,"offspring",NA,NA,NA,NA,"N"
"2564",5.1,"YR","J",2564,"APCL16_066","Palanas",2016-05-13,"15:24:00",976,3,"C",2016,"offspring",NA,NA,NA,NA,"N"
"639",5.8,"YR","J",639,"APCL16_073","Palanas",2016-05-13,"14:59:00",1426,3,"C",2016,"offspring",NA,NA,NA,NA,"N"
"785",4.2,"YR","J",785,"APCL16_082","Palanas",2016-05-14,"12:44:00",987,3,"C",2016,"offspring",NA,NA,NA,NA,"N"
"1104",5.2,"YR","J",1104,"APCL16_689","Sitio Baybayon",2016-06-07,"09:22:00",1566,4,"C",2016,"offspring",NA,NA,NA,NA,"N"
"1362",5.1,"YR","J",1362,"APCL16_092","Palanas",2016-05-14,"15:29:00",977,3,"C",2016,"offspring",NA,NA,NA,NA,"N"
"71",5,"YR","J",71,"APCL16_686","Sitio Baybayon",2016-06-07,"09:03:00",1916,4,"C",2016,"offspring",NA,NA,NA,NA,"N"
"72",5.4,"W","J",72,"APCL16_684","N.Magbangon",2016-06-06,"14:28:00",1914,4,"C",2016,"offspring",NA,NA,NA,NA,"N"
"50",4.8,"YR","J",50,"APCL16_679","N.Magbangon",2016-06-06,"14:13:00",1911,4,"C",2016,"offspring",NA,NA,NA,NA,"N"
"64",5.6,"W","J",64,"APCL16_677","N.Magbangon",2016-06-06,"14:06:00",1910,4,"C",2016,"offspring",NA,NA,NA,NA,"N"
"56",5.1,"YR","J",56,"APCL16_676","N.Magbangon",2016-06-06,"14:02:00",1909,4,"C",2016,"offspring",NA,NA,NA,NA,"N"
"53",5,"YR","J",53,"APCL16_675","N.Magbangon",2016-06-06,"13:49:00",518,4,"C",2016,"offspring",NA,NA,NA,NA,"N"
"74",5.1,"YR","J",74,"APCL16_673","N.Magbangon",2016-06-06,"13:40:00",1906,4,"C",2016,"offspring",1356,"N.Magbangon","Tamakin Dacot",2016,"Y"
"60",4.5,"YR","J",60,"APCL16_672","N.Magbangon",2016-06-06,"13:35:00",1905,4,"C",2016,"offspring",NA,NA,NA,NA,"N"
"80",4.1,"YR","J",80,"APCL16_669","N.Magbangon",2016-06-06,"13:29:00",1904,4,"C",2016,"offspring",NA,NA,NA,NA,"N"
"75",4.9,"YR","J",75,"APCL16_668","N.Magbangon",2016-06-06,"13:22:00",1903,4,"C",2016,"offspring",NA,NA,NA,NA,"N"
"67",4,"YR","J",67,"APCL16_667","N.Magbangon",2016-06-06,"13:22:00",1903,4,"C",2016,"offspring",NA,NA,NA,NA,"N"
"85",5.4,"YR","J",85,"APCL16_664","N.Magbangon",2016-06-06,"13:09:00",1901,4,"C",2016,"offspring",1352,"N.Magbangon","Hicgop South",2016,"Y"
"82",4.6,"YR","J",82,"APCL16_663","N.Magbangon",2016-06-06,"13:07:00",1900,4,"C",2016,"offspring",NA,NA,NA,NA,"N"
"88",4.3,"YR","J",88,"APCL16_662","N.Magbangon",2016-06-06,"12:59:00",1899,4,"C",2016,"offspring",NA,NA,NA,NA,"N"
"87",4.2,"YR","J",87,"APCL16_660","N.Magbangon",2016-06-06,"12:55:00",NA,4,"C",2016,"offspring",NA,NA,NA,NA,"N"
"830",5,"YR","J",830,"APCL16_658","N.Magbangon",2016-06-06,"12:55:00",NA,4,"C",2016,"offspring",NA,NA,NA,NA,"N"
"840",5.8,"YR","J",840,"APCL16_647","N.Magbangon",2016-06-06,"12:55:00",1898,4,"C",2016,"offspring",1395,"N.Magbangon","Hicgop South",2016,"Y"
"1384",5.4,"YR","J",1384,"APCL16_200","Gabas",2016-05-19,"10:01:00",1724,3,"C",2016,"offspring",2696,"Gabas","Wangag",2016,"Y"
"1416",5.5,"YR","J",1416,"APCL16_205","San Agustin",2016-05-19,"12:12:00",1726,3,"C",2016,"offspring",2698,"San Agustin","Wangag",2016,"Y"
"1454",5.9,"YR","J",1454,"APCL16_208","San Agustin",2016-05-19,"13:57:00",1270,3,"C",2016,"offspring",NA,NA,NA,NA,"N"
"404",3.6,"YR","J",404,"APCL16_211","San Agustin",2016-05-19,"13:45:00",1727,3,"C",2016,"offspring",NA,NA,NA,NA,"N"
"1410",5.2,"W","J",1410,"APCL16_212","San Agustin",2016-05-19,"14:30:00",1728,3,"C",2016,"offspring",NA,NA,NA,NA,"N"
"594",4.4,"YR","J",594,"APCL16_239","Wangag",2016-05-21,"11:03:00",1742,3,"C",2016,"offspring",NA,NA,NA,NA,"N"
"1781",5.8,"YP","J",1781,"APCL16_240","Wangag",2016-05-21,"11:03:00",1742,3,"C",2016,"offspring",NA,NA,NA,NA,"N"
"1428",5.5,"YR","J",1428,"APCL16_262","Wangag",2016-05-21,"14:34:00",1745,3,"C",2016,"offspring",NA,NA,NA,NA,"N"
"1330",5.6,"YR","J",1330,"APCL16_285","Elementary School",2016-05-26,"13:35:00",711,3,"C",2016,"offspring",NA,NA,NA,NA,"N"
"1191",5.2,"W","J",1191,"APCL16_302","Poroc San Flower",2016-05-28,"10:23:00",1775,3,"C",2016,"offspring",NA,NA,NA,NA,"N"
"186",3.7,"YR","J",186,"APCL16_335","N.Magbangon",2016-05-29,"11:55:00",1087,3,"C",2016,"offspring",NA,NA,NA,NA,"N"
"252",3.8,"YR","J",252,"APCL16_336","N.Magbangon",2016-05-29,"12:02:00",1786,3,"C",2016,"offspring",NA,NA,NA,NA,"N"
"1276",5.8,"YR","J",1276,"APCL16_345","Poroc Rose",2016-05-29,"14:55:00",1789,3,"C",2016,"offspring",NA,NA,NA,NA,"N"
"1153",5.6,"YR","J",1153,"APCL16_351","N.Magbangon",2016-05-30,"10:36:00",1088,3,"C",2016,"offspring",NA,NA,NA,NA,"N"
"1235",5.3,"YR","J",1235,"APCL16_360","N.Magbangon",2016-05-30,"10:36:00",NA,3,"C",2016,"offspring",NA,NA,NA,NA,"N"
"266",4.6,"YR","J",266,"APCL16_361","N.Magbangon",2016-05-30,"10:36:00",NA,3,"C",2016,"offspring",NA,NA,NA,NA,"N"
"1259",5.4,"YR","J",1259,"APCL16_362","N.Magbangon",2016-05-30,"10:36:00",NA,3,"C",2016,"offspring",NA,NA,NA,NA,"N"
"1289",5.4,"YR","J",1289,"APCL16_364","N.Magbangon",2016-05-30,"10:36:00",NA,3,"C",2016,"offspring",NA,NA,NA,NA,"N"
"210",4.7,"YR","J",210,"APCL16_413","N.Magbangon",2016-05-31,"11:27:00",1361,3,"C",2016,"offspring",NA,NA,NA,NA,"N"
"149",4.1,"YR","J",149,"APCL16_414","N.Magbangon",2016-05-31,"11:27:00",1361,3,"C",2016,"offspring",NA,NA,NA,NA,"N"
"258",3.7,"YR","J",258,"APCL16_416","N.Magbangon",2016-05-31,"11:27:00",1361,3,"C",2016,"offspring",NA,NA,NA,NA,"N"
"1268",5.2,"YR","J",1268,"APCL16_419","N.Magbangon",2016-05-31,"13:04:00",1704,3,"C",2016,"offspring",NA,NA,NA,NA,"N"
"1176",5.8,"YR","J",1176,"APCL16_423","N.Magbangon",2016-05-31,"13:12:00",1701,3,"C",2016,"offspring",NA,NA,NA,NA,"N"
"1246",5.7,"YR","J",1246,"APCL16_427","N.Magbangon",2016-05-31,"13:20:00",533,3,"C",2016,"offspring",NA,NA,NA,NA,"N"
"158",4.3,"YR","J",158,"APCL16_431","N.Magbangon",2016-05-31,"14:20:00",522,3,"C",2016,"offspring",NA,NA,NA,NA,"N"
"1186",5.6,"YR","J",1186,"APCL16_433","N.Magbangon",2016-05-31,"14:23:00",1805,3,"C",2016,"offspring",NA,NA,NA,NA,"N"
"1778",5.8,"YP","J",1778,"APCL16_434","N.Magbangon",2016-05-31,"14:23:00",1805,3,"C",2016,"offspring",NA,NA,NA,NA,"N"
"1408",5.4,"YR","J",1408,"APCL16_449","S.Magbangon",2016-06-02,"10:56:00",945,3,"C",2016,"offspring",2422,"S.Magbangon","Wangag",2016,"Y"
"174",4.1,"YR","J",174,"APCL16_461","S.Magbangon",2016-06-02,"12:45:00",1820,3,"C",2016,"offspring",NA,NA,NA,NA,"N"
"270",4.9,"YR","J",270,"APCL16_477","S.Magbangon",2016-06-02,"14:16:00",970,3,"C",2016,"offspring",NA,NA,NA,NA,"N"
"89",4.6,"YR","J",89,"APCL16_495","S.Magbangon",2016-06-03,"09:57:00",NA,3,"C",2016,"offspring",NA,NA,NA,NA,"N"
"212",4.7,"YR","J",212,"APCL16_504","S.Magbangon",2016-06-03,"10:47:00",1834,3,"C",2016,"offspring",NA,NA,NA,NA,"N"
"2557",4.9,"YR","J",2557,"APCL16_525","Wangag",2016-06-03,"14:26:00",1474,3,"C",2016,"offspring",NA,NA,NA,NA,"N"
"2556",4.5,"YR","J",2556,"APCL16_527","Wangag",2016-06-03,"14:37:00",611,3,"C",2016,"offspring",NA,NA,NA,NA,"N"
"184",3.8,"W","J",184,"APCL16_529","Wangag",2016-06-03,"15:00:00",1851,3,"C",2016,"offspring",NA,NA,NA,NA,"N"
"1285",5.9,"YR","J",1285,"APCL16_532","Wangag",2016-06-03,"15:20:00",1852,3,"C",2016,"offspring",NA,NA,NA,NA,"N"
"246",3.5,"YR","J",246,"APCL16_538","Wangag",2016-06-04,"09:40:00",608,3,"C",2016,"offspring",NA,NA,NA,NA,"N"
"1302",5.8,"YR","J",1302,"APCL16_557","Wangag",2016-06-04,"11:07:00",1865,3,"C",2016,"offspring",NA,NA,NA,NA,"N"
"1192",5.7,"YR","J",1192,"APCL16_558","Wangag",2016-06-04,"11:07:00",1865,3,"C",2016,"offspring",NA,NA,NA,NA,"N"
"820",4.3,"YR","J",820,"APCL16_581","Wangag",2016-06-05,"11:57:00",240,3,"C",2016,"offspring",NA,NA,NA,NA,"N"
"836",4.4,"YR","J",836,"APCL16_585","Wangag",2016-06-05,"12:49:00",1886,3,"C",2016,"offspring",NA,NA,NA,NA,"N"
"825",4.8,"YR","J",825,"APCL16_591","Wangag",2016-06-05,"13:15:00",1484,3,"C",2016,"offspring",NA,NA,NA,NA,"N"
"2579",3.5,"YR","J",2579,"APCL16_594","Wangag",2016-06-05,"13:32:00",1888,3,"C",2016,"offspring",NA,NA,NA,NA,"N"
"848",4.3,"YR","J",848,"APCL16_602","Wangag",2016-06-05,"14:07:00",1487,3,"C",2016,"offspring",NA,NA,NA,NA,"N"
"852",5.3,"YR","J",852,"APCL16_605","Wangag",2016-06-05,"14:07:00",1487,3,"C",2016,"offspring",NA,NA,NA,NA,"N"
"850",3.7,"YR","J",850,"APCL16_610","Cabatoan",2016-06-06,"09:45:00",701,4,"C",2016,"offspring",NA,NA,NA,NA,"N"
"844",5.6,"YR","J",844,"APCL16_611","Cabatoan",2016-06-06,"09:45:00",701,4,"C",2016,"offspring",NA,NA,NA,NA,"N"
"842",4.3,"YR","J",842,"APCL16_613","Cabatoan",2016-06-06,"09:45:00",701,4,"C",2016,"offspring",NA,NA,NA,NA,"N"
"822",5.5,"YR","J",822,"APCL16_616","Cabatoan",2016-06-06,"09:45:00",NA,4,"C",2016,"offspring",NA,NA,NA,NA,"N"
"858",4.6,"YR","J",858,"APCL16_619","Cabatoan",2016-06-06,"09:45:00",NA,4,"C",2016,"offspring",NA,NA,NA,NA,"N"
"851",4.3,"YR","J",851,"APCL16_622","Cabatoan",2016-06-06,"10:13:00",1892,4,"C",2016,"offspring",NA,NA,NA,NA,"N"
"838",4,"YR","J",838,"APCL16_636","Cabatoan",2016-06-06,"10:43:00",NA,4,"C",2016,"offspring",NA,NA,NA,NA,"N"
"832",5.2,"YR","J",832,"APCL16_639","Cabatoan",2016-06-06,"10:43:00",NA,4,"C",2016,"offspring",NA,NA,NA,NA,"N"
"827",5.3,"YR","J",827,"APCL16_651","N.Magbangon",2016-06-06,"12:55:00",1898,4,"C",2016,"offspring",NA,NA,NA,NA,"N"
"79",5.7,"YR","J",79,"APCL16_674","N.Magbangon",2016-06-06,"13:46:00",1907,4,"C",2016,"offspring",NA,NA,NA,NA,"N"
"73",5.7,"W","J",73,"APCL16_680","N.Magbangon",2016-06-06,"14:22:00",1912,4,"C",2016,"offspring",NA,NA,NA,NA,"N"
"1108",5.9,"YR","J",1108,"APCL16_713","Sitio Baybayon",2016-06-07,"12:47:00",1925,4,"C",2016,"offspring",NA,NA,NA,NA,"N"
"1101",5.4,"YR","J",1101,"APCL16_715","Sitio Baybayon",2016-06-07,"12:56:00",1926,4,"C",2016,"offspring",NA,NA,NA,NA,"N"
"69",3.9,"YR","J",69,"APCL16_717","Sitio Baybayon",2016-06-07,"13:00:00",1927,4,"C",2016,"offspring",NA,NA,NA,NA,"N"
"58",4.7,"YR","J",58,"APCL16_720","Sitio Baybayon",2016-06-07,"13:11:00",1929,4,"C",2016,"offspring",NA,NA,NA,NA,"N"
"1099",5.2,"YR","J",1099,"APCL16_721","Sitio Baybayon",2016-06-07,"13:19:00",1930,4,"C",2016,"offspring",NA,NA,NA,NA,"N"
"1102",5.5,"YR","J",1102,"APCL16_722","Sitio Baybayon",2016-06-07,"13:23:00",1931,4,"C",2016,"offspring",NA,NA,NA,NA,"N"
"63",4.8,"YR","J",63,"APCL16_723","Sitio Baybayon",2016-06-07,"13:28:00",1932,4,"C",2016,"offspring",NA,NA,NA,NA,"N"
"62",4.7,"YR","J",62,"APCL16_726","Sitio Baybayon",2016-06-07,"13:40:00",747,4,"C",2016,"offspring",NA,NA,NA,NA,"N"
"65",4.5,"W","J",65,"APCL16_727","Sitio Baybayon",2016-06-07,"13:44:00",1934,4,"C",2016,"offspring",NA,NA,NA,NA,"N"
"81",4,"W","J",81,"APCL16_728","Sitio Baybayon",2016-06-07,"13:44:00",1934,4,"C",2016,"offspring",NA,NA,NA,NA,"N"
"61",4.6,"YR","J",61,"APCL16_730","Sitio Baybayon",2016-06-07,"13:55:00",1937,4,"C",2016,"offspring",NA,NA,NA,NA,"N"
"68",3.8,"YR","J",68,"APCL16_731","Sitio Baybayon",2016-06-07,"14:03:00",750,4,"C",2016,"offspring",NA,NA,NA,NA,"N"
"49",4.8,"YR","J",49,"APCL16_733","Sitio Baybayon",2016-06-07,"14:11:00",1940,4,"C",2016,"offspring",NA,NA,NA,NA,"N"
"55",4.3,"YR","J",55,"APCL16_737","Sitio Baybayon",2016-06-07,"14:12:00",750,4,"C",2016,"offspring",NA,NA,NA,NA,"N"
"77",3.6,"YR","J",77,"APCL16_739","Sitio Baybayon",2016-06-07,"14:36:00",787,4,"C",2016,"offspring",NA,NA,NA,NA,"N"
"54",5,"YR","J",54,"APCL16_742","Sitio Baybayon",2016-06-07,"14:40:00",1946,4,"C",2016,"offspring",NA,NA,NA,NA,"N"
"66",3.9,"YR","J",66,"APCL16_749","Tamakin Dacot",2016-06-09,"09:32:00",1552,4,"C",2016,"offspring",NA,NA,NA,NA,"N"
"59",5.2,"YR","J",59,"APCL16_750","Tamakin Dacot",2016-06-09,"09:32:00",1552,4,"C",2016,"offspring",NA,NA,NA,NA,"N"
"2523",3.7,"YR","J",2523,"APCL16_754","Tamakin Dacot",2016-06-09,"09:36:00",1553,4,"C",2016,"offspring",NA,NA,NA,NA,"N"
"2633",5.4,"YR","J",2633,"APCL16_596","Wangag",2016-06-05,"13:32:00",1888,3,"C",2016,"offspring",NA,NA,NA,NA,"N"
"1866",4.9,"YR","J",1866,"APCL17_124","Palanas",2017-05-19,"11:28:00",1653,5,"A",2017,"offspring",NA,NA,NA,NA,"N"
"1865",5.2,"YR","J",1865,"APCL17_122","Palanas",2017-05-19,"11:25:00",484,5,"A",2017,"offspring",NA,NA,NA,NA,"N"
"1864",1.9,"YR","J",1864,"APCL17_118","Palanas",2017-05-19,"11:13:00",1650,5,"A",2017,"offspring",NA,NA,NA,NA,"N"
"1863",4.7,"YR","J",1863,"APCL17_108","Palanas",2017-05-18,"14:43:00",885,5,"A",2017,"offspring",NA,NA,NA,NA,"N"
"1012",3.9,"YR","J",1012,"APCL17_091","Palanas",2017-05-18,"10:46:00",914,4,"C",2017,"offspring",NA,NA,NA,NA,"N"
"1011",1.2,"YR","J",1011,"APCL17_084","Palanas",2017-05-16,"11:07:46",736,5,"A",2017,"offspring",NA,NA,NA,NA,"N"
"1867",1.9,"YR","J",1867,"APCL17_129","Palanas",2017-05-19,"13:48:00",977,5,"A",2017,"offspring",NA,NA,NA,NA,"N"
"1868",3.8,"YR","J",1868,"APCL17_130","Palanas",2017-05-19,"13:48:00",977,5,"A",2017,"offspring",NA,NA,NA,NA,"N"
"1955",5,"O","J",1955,"APCL17_132","Palanas",2017-05-19,"13:45:00",1625,5,"A",2017,"offspring",1413,"Palanas","San Agustin",2017,"Y"
"1869",2,"BW","J",1869,"APCL17_134","Palanas",2017-05-19,"14:04:00",2037,5,"A",2017,"offspring",NA,NA,NA,NA,"N"
"1870",1.8,"YR","J",1870,"APCL17_147","Palanas",2017-05-20,"11:38:44",2044,5,"A",2017,"offspring",NA,NA,NA,NA,"N"
"1871",1.5,"YR","J",1871,"APCL17_148","Palanas",2017-05-20,"11:38:44",2044,5,"A",2017,"offspring",NA,NA,NA,NA,"N"
"1872",1.8,"YR","J",1872,"APCL17_150","Palanas",2017-05-20,"14:07:28",430,5,"A",2017,"offspring",NA,NA,NA,NA,"N"
"1873",1.6,"YR","J",1873,"APCL17_152","Palanas",2017-05-20,"14:10:15",429,5,"A",2017,"offspring",NA,NA,NA,NA,"N"
"1874",1.5,"BW","J",1874,"APCL17_153","Palanas",2017-05-20,"14:12:00",427,5,"A",2017,"offspring",1243,"Palanas","Palanas",2017,"Y"
"1875",5.2,"YR","J",1875,"APCL17_155","Palanas",2017-05-20,"14:50:26",2049,5,"A",2017,"offspring",NA,NA,NA,NA,"N"
"1877",2,"BW","J",1877,"APCL17_163","Poroc San Flower",2017-05-21,"10:16:41",1774,5,"A",2017,"offspring",NA,NA,NA,NA,"N"
"1878",1.9,"BW","J",1878,"APCL17_164","Poroc Rose",2017-05-21,"12:41:18",2057,5,"A",2017,"offspring",NA,NA,NA,NA,"N"
"1879",1.9,"YR","J",1879,"APCL17_166","Poroc Rose",2017-05-21,"12:53:22",2059,5,"A",2017,"offspring",NA,NA,NA,NA,"N"
"981",3.8,"W","J",981,"APCL17_010","Wangag",2017-05-13,"11:29:00",708,4,"C",2017,"offspring",NA,NA,NA,NA,"N"
"982",NA,"YR","J",982,"APCL17_011","Wangag",2017-05-13,"11:49:36",1989,5,"A",2017,"offspring",1218,"Wangag","S.Magbangon",2017,"Y"
"983",NA,"YR","J",983,"APCL17_012","Wangag",2017-05-13,"11:49:36",1989,5,"A",2017,"offspring",NA,NA,NA,NA,"N"
"984",NA,"YR","J",984,"APCL17_025","Wangag",2017-05-14,"09:56:42",1996,5,"A",2017,"offspring",NA,NA,NA,NA,"N"
"985",3.8,"YR","J",985,"APCL17_031","Wangag",2017-05-14,"10:23:40",1999,5,"A",2017,"offspring",NA,NA,NA,NA,"N"
"986",4,"YR","J",986,"APCL17_039","Wangag",2017-05-14,"11:23:35",2003,5,"A",2017,"offspring",NA,NA,NA,NA,"N"
"987",3.7,"YR","J",987,"APCL17_067","Palanas",2017-05-15,"14:08:25",2014,5,"A",2017,"offspring",NA,NA,NA,NA,"N"
"1008",1.8,"YR","J",1008,"APCL17_507","Haina",2017-06-06,"11:32:26",2248,5,"A",2017,"offspring",NA,NA,NA,NA,"N"
"988",5.3,"YR","J",988,"APCL17_077","Palanas",2017-05-16,"09:55:20",1021,5,"A",2017,"offspring",2278,"Palanas","Palanas",2017,"Y"
"1910",5.5,"YR","J",1910,"APCL17_288","Wangag",2017-05-29,"10:45:11",146,5,"A",2017,"offspring",NA,NA,NA,NA,"N"
"1911",5.2,"YR","J",1911,"APCL17_289","Wangag",2017-05-29,"11:01:30",2106,5,"A",2017,"offspring",NA,NA,NA,NA,"N"
"2577",5.7,"YR","J",2577,"APCL17_293","Wangag",2017-05-29,"11:22:15",2108,5,"A",2017,"offspring",NA,NA,NA,NA,"N"
"1912",5.4,"YR","J",1912,"APCL17_296","Wangag",2017-05-29,"11:56:05",1477,5,"A",2017,"offspring",NA,NA,NA,NA,"N"
"1913",5.7,"YR","J",1913,"APCL17_299","Wangag",2017-05-29,"11:59:20",2112,5,"A",2017,"offspring",NA,NA,NA,NA,"N"
"2578",4.8,"YR","J",2578,"APCL17_301","Wangag",2017-05-29,"12:25:27",2113,5,"A",2017,"offspring",NA,NA,NA,NA,"N"
"1914",5.2,"YR","J",1914,"APCL17_310","Wangag",2017-05-30,"09:30:37",2119,5,"A",2017,"offspring",337,"Wangag","Wangag",2017,"Y"
"1915",5.7,"YR","J",1915,"APCL17_311","Wangag",2017-05-30,"09:49:29",1888,5,"A",2017,"offspring",NA,NA,NA,NA,"N"
"2704",5.9,"YP","J",2704,"APCL17_119","Palanas",2017-05-19,"11:13:00",1650,5,"A",2017,"offspring",498,"Palanas","Palanas",2017,"Y"
"2646",5.5,"YR","J",2646,"APCL17_519","Haina",2017-06-06,"12:07:15",2253,5,"A",2017,"offspring",NA,NA,NA,NA,"N"
"2647",4.2,"YR","J",2647,"APCL17_521","Haina",2017-06-06,"12:11:20",2254,5,"A",2017,"offspring",NA,NA,NA,NA,"N"
"2571",5.7,"YR","J",2571,"APCL17_543","Tamakin Dacot",2017-06-09,"12:11:07",2267,5,"A",2017,"offspring",NA,NA,NA,NA,"N"
"2762",4.3,"W","J",2762,"APCL17_229","Visca",2017-05-25,"12:17:54",2082,5,"A",2017,"offspring",NA,NA,NA,NA,"N"
"1880",3.8,"BW","J",1880,"APCL17_173","Poroc Rose",2017-05-21,"13:43:34",2061,5,"A",2017,"offspring",NA,NA,NA,NA,"N"
"1881",1.6,"YR","J",1881,"APCL17_179","San Agustin",2017-05-22,"10:31:36",1730,5,"A",2017,"offspring",NA,NA,NA,NA,"N"
"1882",2,"YR","J",1882,"APCL17_182","San Agustin",2017-05-22,"10:31:36",1730,5,"A",2017,"offspring",2683,"San Agustin","Palanas",2017,"Y"
"1883",1.8,"YR","J",1883,"APCL17_184","San Agustin",2017-05-22,"10:48:59",717,5,"A",2017,"offspring",NA,NA,NA,NA,"N"
"1884",1.7,"YR","J",1884,"APCL17_186","San Agustin",2017-05-22,"10:48:59",717,5,"A",2017,"offspring",NA,NA,NA,NA,"N"
"1885",1.8,"YR","J",1885,"APCL17_187","San Agustin",2017-05-22,"10:48:59",717,5,"A",2017,"offspring",NA,NA,NA,NA,"N"
"1886",5.9,"YR","J",1886,"APCL17_204","Elementary School",2017-05-23,"09:57:21",711,5,"A",2017,"offspring",NA,NA,NA,NA,"N"
"1887",4.8,"YR","J",1887,"APCL17_206","Elementary School",2017-05-23,"09:57:21",711,5,"A",2017,"offspring",NA,NA,NA,NA,"N"
"1956",1.4,"BW","J",1956,"APCL17_207","Elementary School",2017-05-23,"12:06:10",1268,5,"A",2017,"offspring",NA,NA,NA,NA,"N"
"1888",1.8,"YR","J",1888,"APCL17_217","Gabas",2017-05-25,"09:29:51",2078,5,"A",2017,"offspring",NA,NA,NA,NA,"N"
"1889",4.3,"YR","J",1889,"APCL17_218","Gabas",2017-05-25,"09:29:51",2078,5,"A",2017,"offspring",NA,NA,NA,NA,"N"
"1890",1.6,"YR","J",1890,"APCL17_220","Gabas",2017-05-25,"09:29:51",2078,5,"A",2017,"offspring",NA,NA,NA,NA,"N"
"1891",1.7,"YR","J",1891,"APCL17_222","Gabas",2017-05-25,"10:24:19",2080,5,"A",2017,"offspring",NA,NA,NA,NA,"N"
"1892",4.5,"YR","J",1892,"APCL17_223","Gabas",2017-05-25,"10:24:19",2080,5,"A",2017,"offspring",541,"Gabas","Sitio Baybayon",2017,"Y"
"1893",5.1,"W","J",1893,"APCL17_226","Visca",2017-05-25,"11:47:09",1773,5,"A",2017,"offspring",NA,NA,NA,NA,"N"
"1894",5.2,"W","J",1894,"APCL17_230","Visca",2017-05-25,"12:31:20",2083,5,"A",2017,"offspring",NA,NA,NA,NA,"N"
"1895",2,"YR","J",1895,"APCL17_231","Visca",2017-05-25,"12:31:20",2083,5,"A",2017,"offspring",NA,NA,NA,NA,"N"
"1896",1.6,"YR","J",1896,"APCL17_232","Visca",2017-05-25,"12:31:20",2083,5,"A",2017,"offspring",NA,NA,NA,NA,"N"
"1897",0.9,"YR","J",1897,"APCL17_233","Visca",2017-05-25,"12:31:20",2083,5,"A",2017,"offspring",NA,NA,NA,NA,"N"
"1898",1.3,"YR","J",1898,"APCL17_236","Tamakin Dacot",2017-05-27,"09:47:11",2084,5,"A",2017,"offspring",NA,NA,NA,NA,"N"
"2733",5.5,"YR","J",2733,"APCL17_241","Tamakin Dacot",2017-05-27,"10:10:33",459,5,"A",2017,"offspring",NA,NA,NA,NA,"N"
"1899",4.3,"W","J",1899,"APCL17_243","Tamakin Dacot",2017-05-27,"10:53:50",2089,5,"A",2017,"offspring",NA,NA,NA,NA,"N"
"1900",2,"YR","J",1900,"APCL17_244","Tamakin Dacot",2017-05-27,"10:53:50",2089,5,"A",2017,"offspring",NA,NA,NA,NA,"N"
"1901",1.9,"BW","J",1901,"APCL17_245","Tamakin Dacot",2017-05-27,"12:41:06",2090,5,"A",2017,"offspring",NA,NA,NA,NA,"N"
"1902",1.6,"YR","J",1902,"APCL17_250","Tamakin Dacot",2017-05-27,"14:01:53",2093,5,"A",2017,"offspring",NA,NA,NA,NA,"N"
"1903",2,"YR","J",1903,"APCL17_251","Tamakin Dacot",2017-05-27,"14:01:53",2093,5,"A",2017,"offspring",NA,NA,NA,NA,"N"
"1904",0.5,"YR","J",1904,"APCL17_257","Caridad Cemetery",2017-05-28,"09:38:42",2095,5,"A",2017,"offspring",NA,NA,NA,NA,"N"
"1905",0.5,"YR","J",1905,"APCL17_258","Caridad Cemetery",2017-05-28,"09:38:42",2095,5,"A",2017,"offspring",NA,NA,NA,NA,"N"
"1906",0.5,"YR","J",1906,"APCL17_259","Caridad Cemetery",2017-05-28,"09:38:42",2095,5,"A",2017,"offspring",NA,NA,NA,NA,"N"
"1907",0.5,"YR","J",1907,"APCL17_260","Caridad Cemetery",2017-05-28,"09:38:42",2095,5,"A",2017,"offspring",NA,NA,NA,NA,"N"
"1908",1.8,"B","J",1908,"APCL17_262","Hicgop South",2017-05-28,"11:06:43",1305,5,"A",2017,"offspring",NA,NA,NA,NA,"N"
"1909",4.1,"YR","J",1909,"APCL17_263","Hicgop South",2017-05-28,"11:06:43",1305,5,"A",2017,"offspring",NA,NA,NA,NA,"N"
"989",2,"W","J",989,"APCL17_409","Sitio Baybayon",2017-06-04,"11:13:25",2180,5,"A",2017,"offspring",NA,NA,NA,NA,"N"
"2635",5.7,"YR","J",2635,"APCL17_411","Sitio Baybayon",2017-06-04,"11:13:25",2180,5,"A",2017,"offspring",1682,"Sitio Baybayon","Sitio Baybayon",2017,"Y"
"990",2,"YR","J",990,"APCL17_419","Sitio Baybayon",2017-06-04,"11:32:14",2187,5,"A",2017,"offspring",NA,NA,NA,NA,"N"
"991",1.8,"YR","J",991,"APCL17_422","Sitio Baybayon",2017-06-04,"14:09:09",2190,5,"A",2017,"offspring",NA,NA,NA,NA,"N"
"992",2.2,"YR","J",992,"APCL17_423","Sitio Baybayon",2017-06-04,"14:09:09",2190,5,"A",2017,"offspring",NA,NA,NA,NA,"N"
"993",0.8,"BW","J",993,"APCL17_433","Sitio Baybayon",2017-06-04,"14:32:31",2196,5,"A",2017,"offspring",NA,NA,NA,NA,"N"
"994",0.8,"YR","J",994,"APCL17_435","Sitio Baybayon",2017-06-04,"14:52:00",2201,5,"A",2017,"offspring",NA,NA,NA,NA,"N"
"995",1.9,"W","J",995,"APCL17_436","Sitio Baybayon",2017-06-04,"14:52:00",2201,5,"A",2017,"offspring",NA,NA,NA,NA,"N"
"997",3.7,"YR","J",997,"APCL17_438","Sitio Baybayon",2017-06-04,"14:56:13",404,5,"A",2017,"offspring",NA,NA,NA,NA,"N"
"998",5,"YR","J",998,"APCL17_441","Sitio Baybayon",2017-06-04,"15:35:19",1614,5,"A",2017,"offspring",NA,NA,NA,NA,"N"
"999",1.6,"YR","J",999,"APCL17_443","Sitio Baybayon",2017-06-04,"15:42:38",817,5,"A",2017,"offspring",NA,NA,NA,NA,"N"
"1000",5,"YR","J",1000,"APCL17_447","Sitio Baybayon",2017-06-05,"11:40:52",2204,5,"A",2017,"offspring",NA,NA,NA,NA,"N"
"1001",2,"BW","J",1001,"APCL17_448","Sitio Baybayon",2017-06-05,"11:28:40",821,5,"A",2017,"offspring",NA,NA,NA,NA,"N"
"1002",1.7,"YR","J",1002,"APCL17_454","Sitio Baybayon",2017-06-05,"11:58:10",2207,5,"A",2017,"offspring",NA,NA,NA,NA,"N"
"1003",5.5,"YR","J",1003,"APCL17_459","Sitio Baybayon",2017-06-05,"12:14:38",2212,5,"A",2017,"offspring",NA,NA,NA,NA,"N"
"1004",2,"YR","J",1004,"APCL17_474","Sitio Baybayon",2017-06-05,"14:34:23",1150,5,"A",2017,"offspring",1422,"Sitio Baybayon","Wangag",2017,"Y"
"1005",1.9,"YR","J",1005,"APCL17_477","Sitio Baybayon",2017-06-05,"14:29:17",2228,5,"A",2017,"offspring",1423,"Sitio Baybayon","Wangag",2017,"Y"
"1006",1.9,"YR","J",1006,"APCL17_484","Sitio Baybayon",2017-06-05,"15:06:39",2233,5,"A",2017,"offspring",532,"Sitio Baybayon","Wangag",2017,"Y"
"1916",4.1,"YR","J",1916,"APCL17_329","Wangag",2017-05-30,"11:01:00",1115,5,"A",2017,"offspring",NA,NA,NA,NA,"N"
"1917",3.9,"YR","J",1917,"APCL17_331","Wangag",2017-05-30,"11:05:44",1099,5,"A",2017,"offspring",NA,NA,NA,NA,"N"
"1918",4.8,"YR","J",1918,"APCL17_332","Wangag",2017-05-30,"11:05:44",1099,5,"A",2017,"offspring",NA,NA,NA,NA,"N"
"1920",5.3,"YR","J",1920,"APCL17_336","Wangag",2017-05-30,"13:13:13",1865,5,"A",2017,"offspring",NA,NA,NA,NA,"N"
"1921",5.2,"YR","J",1921,"APCL17_337","Wangag",2017-05-30,"13:21:00",1863,5,"A",2017,"offspring",NA,NA,NA,NA,"N"
"2650",4.9,"YR","J",2650,"APCL17_341","Wangag",2017-05-30,"13:46:57",1068,5,"A",2017,"offspring",NA,NA,NA,NA,"N"
"1922",2.2,"BW","J",1922,"APCL17_343","Wangag",2017-05-30,"13:24:53",2137,5,"A",2017,"offspring",NA,NA,NA,NA,"N"
"1925",1.6,"B","J",1925,"APCL17_362","Sitio Baybayon",2017-06-02,"12:29:27",809,5,"A",2017,"offspring",NA,NA,NA,NA,"N"
"2582",5,"YR","J",2582,"APCL17_368","Sitio Baybayon",2017-06-02,"12:29:27",809,5,"A",2017,"offspring",2634,"Sitio Baybayon","Sitio Baybayon",2017,"Y"
"1927",2.1,"W","J",1927,"APCL17_369","Sitio Baybayon",2017-06-02,"12:30:38",2160,5,"A",2017,"offspring",NA,NA,NA,NA,"N"
"1928",4.2,"YR","J",1928,"APCL17_371","Sitio Baybayon",2017-06-02,"13:29:00",476,4,"C",2017,"offspring",NA,NA,NA,NA,"N"
"1929",5.8,"YR","J",1929,"APCL17_378","Sitio Baybayon",2017-06-02,"13:11:37",1937,5,"A",2017,"offspring",NA,NA,NA,NA,"N"
"1930",2,"YR","J",1930,"APCL17_383","Sitio Baybayon",2017-06-02,"13:26:24",2175,5,"A",2017,"offspring",NA,NA,NA,NA,"N"
"1931",2,"YR","J",1931,"APCL17_384","Sitio Baybayon",2017-06-02,"14:09:13",2178,5,"A",2017,"offspring",NA,NA,NA,NA,"N"
"1933",4.6,"YR","J",1933,"APCL17_386","Sitio Baybayon",2017-06-03,"11:16:00",1567,5,"A",2017,"offspring",NA,NA,NA,NA,"N"
"1940",5.8,"YR","J",1940,"APCL17_402","Sitio Baybayon",2017-06-04,"10:31:44",1566,5,"A",2017,"offspring",NA,NA,NA,NA,"N"
"1943",1.6,"YR","J",1943,"APCL17_509","Haina",2017-06-06,"11:30:15",2247,5,"A",2017,"offspring",NA,NA,NA,NA,"N"
"1944",1.8,"YR","J",1944,"APCL17_510","Haina",2017-06-06,"11:30:15",2247,5,"A",2017,"offspring",NA,NA,NA,NA,"N"
"1945",4.3,"YR","J",1945,"APCL17_511","Haina",2017-06-06,"11:30:15",2247,5,"A",2017,"offspring",NA,NA,NA,NA,"N"
"1947",5.5,"YR","J",1947,"APCL17_523","Haina",2017-06-06,"12:21:07",2255,5,"A",2017,"offspring",NA,NA,NA,NA,"N"
"1948",1.1,"BW","J",1948,"APCL17_524","Visca",2017-06-08,"08:33:40",1770,5,"A",2017,"offspring",NA,NA,NA,NA,"N"
"1919",5.8,"YR","J",1919,"APCL17_334","Wangag",2017-05-30,"11:05:44",1099,5,"A",2017,"offspring",NA,NA,NA,NA,"N"
"1923",1,"YR","J",1923,"APCL17_350","Wangag",2017-05-30,"15:01:00",2150,5,"A",2017,"offspring",NA,NA,NA,NA,"N"
"1924",4.4,"YR","J",1924,"APCL17_354","Sitio Baybayon",2017-06-02,"14:09:13",2178,5,"A",2017,"offspring",NA,NA,NA,NA,"N"
"1937",1.4,"BW","J",1937,"APCL17_396","Sitio Baybayon",2017-06-03,"12:03:00",1569,4,"C",2017,"offspring",NA,NA,NA,NA,"N"
"1939",1.5,"YR","J",1939,"APCL17_398","Sitio Baybayon",2017-06-04,"10:25:00",2182,5,"A",2017,"offspring",NA,NA,NA,NA,"N"
"1949",4.5,"W","J",1949,"APCL17_525","Visca",2017-06-08,"08:52:13",2256,5,"A",2017,"offspring",NA,NA,NA,NA,"N"
"1953",5.9,"YR","J",1953,"APCL17_557","Wangag",2017-06-10,"10:39:53",2278,5,"A",2017,"offspring",NA,NA,NA,NA,"N"
"1954",1.7,"YR","J",1954,"APCL17_559","Haina",2017-06-10,"13:32:32",2279,5,"A",2017,"offspring",NA,NA,NA,NA,"N"
"2712",3.8,"YR","J",2712,"APCL17_560","Haina",2017-06-10,"13:32:32",2279,5,"A",2017,"offspring",NA,NA,NA,NA,"N"
"2638",5.9,"YR","J",2638,"APCL17_319","Wangag",2017-05-30,"10:18:58",2125,5,"A",2017,"offspring",NA,NA,NA,NA,"N"
"1926",2,"YR","J",1926,"APCL17_363","Sitio Baybayon",2017-06-02,"12:29:27",809,5,"A",2017,"offspring",NA,NA,NA,NA,"N"
"1934",1.8,"YR","J",1934,"APCL17_388","Sitio Baybayon",2017-06-03,"11:23:30",1919,5,"A",2017,"offspring",NA,NA,NA,NA,"N"
"1936",2.1,"B","J",1936,"APCL17_394","Sitio Baybayon",2017-06-03,"11:27:28",2179,5,"A",2017,"offspring",NA,NA,NA,NA,"N"
"1941",0.9,"B","J",1941,"APCL17_403","Sitio Baybayon",2017-06-04,"10:43:57",1567,5,"A",2017,"offspring",NA,NA,NA,NA,"N"
"1942",2.1,"YR","J",1942,"APCL17_405","Sitio Baybayon",2017-06-04,"11:02:32",1921,5,"A",2017,"offspring",NA,NA,NA,NA,"N"
"1950",4.8,"YR","J",1950,"APCL17_528","Hicgop South",2017-06-08,"10:25:25",707,5,"A",2017,"offspring",NA,NA,NA,NA,"N"
"1951",1.8,"YR","J",1951,"APCL17_538","Tamakin Dacot",2017-06-09,"10:06:13",2261,5,"A",2017,"offspring",NA,NA,NA,NA,"N"
"1952",1.9,"BW","J",1952,"APCL17_546","Tamakin Dacot",2017-06-09,"12:23:18",2269,5,"A",2017,"offspring",NA,NA,NA,NA,"N"
"2116",5.6,"YP","J",2116,"APCL18_013","Palanas",2018-03-04,"11:22:00",2356,4,"C",2018,"offspring",NA,NA,NA,NA,"N"
"2537",5.2,"YR","J",2537,"APCL18_036","Palanas",2018-03-05,"14:49:00",976,4,"C",2018,"offspring",NA,NA,NA,NA,"N"
"1753",5.9,"YP","J",1753,"APCL18_039","Palanas",2018-03-07,"10:39:00",2363,4,"C",2018,"offspring",NA,NA,NA,NA,"N"
"29",5.3,"YR","J",29,"APCL18_067","S.Magbangon",2018-03-08,"11:55:00",2370,4,"C",2018,"offspring",NA,NA,NA,NA,"N"
"30",5.8,"YR","J",30,"APCL18_069","Wangag",2018-03-08,"13:59:00",1446,4,"C",2018,"offspring",NA,NA,NA,NA,"N"
"31",5.5,"W","J",31,"APCL18_084","Wangag",2018-03-08,"15:32:00",2381,4,"C",2018,"offspring",NA,NA,NA,NA,"N"
"938",5.6,"YR","J",938,"APCL18_205","Sitio Baybayon",2018-03-12,"11:38:00",769,4,"C",2018,"offspring",NA,NA,NA,NA,"N"
"939",5.8,"YR","J",939,"APCL18_209","Sitio Baybayon",2018-03-12,"12:00:00",1579,4,"C",2018,"offspring",2441,"Sitio Baybayon","Visca",2018,"Y"
"940",5.6,"YR","J",940,"APCL18_185","Sitio Baybayon",2018-03-11,"15:30:00",2440,4,"C",2018,"offspring",1855,"Sitio Baybayon","Sitio Baybayon",2018,"Y"
"941",5.5,"W","J",941,"APCL18_294","Haina",2018-03-15,"13:38:00",2490,4,"C",2018,"offspring",NA,NA,NA,NA,"N"
"942",5.6,"YR","J",942,"APCL18_306","Haina",2018-03-15,"15:04:00",2494,4,"C",2018,"offspring",NA,NA,NA,NA,"N"
"943",5.4,"YR","J",943,"APCL18_330","Sitio Baybayon",2018-03-16,"11:50:00",848,4,"C",2018,"offspring",NA,NA,NA,NA,"N"
"944",4.9,"YR","J",944,"APCL18_343","Sitio Baybayon",2018-03-16,"14:35:00",2516,4,"C",2018,"offspring",NA,NA,NA,NA,"N"
"945",5.1,"YR","J",945,"APCL18_345","Sitio Baybayon",2018-03-16,"14:38:00",2517,4,"C",2018,"offspring",NA,NA,NA,NA,"N"
"946",3.9,"YR","J",946,"APCL18_360","Palanas",2018-03-17,"10:48:00",739,4,"C",2018,"offspring",NA,NA,NA,NA,"N"
"947",4.8,"YR","J",947,"APCL18_370","Palanas",2018-03-17,"15:04:00",929,4,"C",2018,"offspring",NA,NA,NA,NA,"N"
"948",5.4,"YR","J",948,"APCL18_372","Palanas",2018-03-17,"15:13:00",419,4,"C",2018,"offspring",NA,NA,NA,NA,"N"
"949",5.2,"YR","J",949,"APCL18_376","Sitio Baybayon",2018-03-18,"10:15:00",2152,4,"C",2018,"offspring",NA,NA,NA,NA,"N"
"899",5.4,"YR","J",899,"APCL18_399","Sitio Baybayon",2018-03-18,"13:53:00",2164,4,"C",2018,"offspring",NA,NA,NA,NA,"N"
"900",4.3,"YR","J",900,"APCL18_408","Sitio Baybayon",2018-03-18,"14:38:00",1937,4,"C",2018,"offspring",NA,NA,NA,NA,"N"
"901",4.6,"YR","J",901,"APCL18_410","Sitio Baybayon",2018-03-18,"14:55:00",472,4,"C",2018,"offspring",NA,NA,NA,NA,"N"
"902",5.9,"YR","J",902,"APCL18_411","Sitio Baybayon",2018-03-18,"14:58:00",2537,4,"C",2018,"offspring",2762,"Sitio Baybayon","Visca",2018,"Y"
"903",5.7,"W","J",903,"APCL18_417","Sitio Baybayon",2018-03-19,"10:01:00",1217,4,"C",2018,"offspring",NA,NA,NA,NA,"N"
"904",5.4,"YR","J",904,"APCL18_450","Sitio Baybayon",2018-03-19,"12:13:00",2559,4,"C",2018,"offspring",2575,"Sitio Baybayon","Tamakin Dacot",2018,"Y"
"905",5.3,"YR","J",905,"APCL18_456","Sitio Baybayon",2018-03-19,"14:00:00",2562,4,"C",2018,"offspring",NA,NA,NA,NA,"N"
"906",4.4,"W","J",906,"APCL18_463","Sitio Baybayon",2018-03-19,"14:24:00",2568,4,"C",2018,"offspring",NA,NA,NA,NA,"N"
"908",3.7,"W","J",908,"APCL18_480","Wangag",2018-03-21,"10:15:00",1028,4,"C",2018,"offspring",NA,NA,NA,NA,"N"
"910",3.8,"YR","J",910,"APCL18_486","Wangag",2018-03-21,"10:54:00",223,4,"C",2018,"offspring",NA,NA,NA,NA,"N"
"972",4.5,"YP","J",972,"APCL18_489","Wangag",2018-03-21,"11:21:00",2578,4,"C",2018,"offspring",NA,NA,NA,NA,"N"
"911",5.8,"YR","J",911,"APCL18_491","Wangag",2018-03-21,"11:35:00",1487,4,"C",2018,"offspring",NA,NA,NA,NA,"N"
"912",5.9,"YR","J",912,"APCL18_493","Wangag",2018-03-21,"11:52:00",2582,6,"C",2018,"offspring",NA,NA,NA,NA,"N"
"914",5.4,"YR","J",914,"APCL18_495","Wangag",2018-03-21,"12:14:00",2130,4,"C",2018,"offspring",NA,NA,NA,NA,"N"
"920",5.3,"W","J",920,"APCL18_530","Tamakin Dacot",2018-03-23,"13:50:00",2598,5,"C",2018,"offspring",NA,NA,NA,NA,"N"
"924",4.6,NA,NA,924,"APCL18_535","S.Magbangon",2018-03-24,"11:04:00",2600,6,"C",2018,"offspring",NA,NA,NA,NA,"N"
"930",5.2,"YR","J",930,"APCL18_545","S.Magbangon",2018-03-24,"12:35:00",2606,6,"C",2018,"offspring",NA,NA,NA,NA,"N"
"932",5.9,"YR","J",932,"APCL18_548","S.Magbangon",2018-03-24,"12:50:00",945,6,"C",2018,"offspring",NA,NA,NA,NA,"N"
"936",5,"YR","J",936,"APCL18_558","Hicgop South",2018-03-25,"10:45:00",2100,4,"C",2018,"offspring",NA,NA,NA,NA,"N"
"951",4.7,"YR","J",951,"APCL18_583","Elementary School",2018-03-26,"11:05:00",1303,4,"C",2018,"offspring",NA,NA,NA,NA,"N"
"952",4.5,"BW","J",952,"APCL18_598","Haina",2018-03-30,"09:35:00",2621,4,"C",2018,"offspring",NA,NA,NA,NA,"N"
"953",5.3,"W","J",953,"APCL18_600","Haina",2018-03-30,"09:42:00",2622,4,"C",2018,"offspring",NA,NA,NA,NA,"N"
"954",4.2,"YR","J",954,"APCL18_601","Haina",2018-03-30,"10:01:00",2248,4,"C",2018,"offspring",NA,NA,NA,NA,"N"
"956",4.6,"YR","J",956,"APCL18_611","Tamakin Dacot",2018-03-30,"13:11:00",1553,4,"C",2018,"offspring",NA,NA,NA,NA,"N"
"957",4.5,"YR","J",957,"APCL18_619","Palanas",2018-03-31,"09:59:00",1021,4,"R",2018,"offspring",NA,NA,NA,NA,"N"
"958",5.7,"YR","J",958,"APCL18_625","Palanas",2018-03-31,"11:49:00",1622,4,"R",2018,"offspring",NA,NA,NA,NA,"N"
"959",5.9,"YR","J",959,"APCL18_720","Sitio Baybayon",2018-04-09,"13:17:00",2175,4,"R",2018,"offspring",NA,NA,NA,NA,"N"
